feature,n_rep,gain_bits_per_100,r_disc,r_rep,same_sign,acc_rep
selo_strike,2812,2.414,0.12,0.152,True,0.585
d_sig_share,2812,2.328,0.143,0.174,True,0.579
c_sig_share,2812,2.25,0.137,0.167,True,0.567
d_slpm_minus_sapm,2812,2.002,0.139,0.164,True,0.573
age,2806,1.93,-0.138,-0.187,True,0.574
c_slpm_minus_sapm,2812,1.902,0.131,0.154,True,0.569
c_tapm,2812,1.735,-0.113,-0.139,True,0.561
d_tapm,2812,1.545,-0.112,-0.145,True,0.555
win_rate_s,2812,1.417,0.082,0.115,True,0.546
age_debut,2806,1.378,-0.072,-0.128,True,0.564
elo_fast,2812,1.277,0.054,0.102,True,0.551
glicko,2812,1.222,0.08,0.098,True,0.55
elo_new,2812,1.216,0.064,0.096,True,0.552
dec_margin_avg,1665,1.119,0.085,0.111,True,0.551
d_adj_sapm,2812,1.107,-0.131,-0.121,True,0.554
elo_mov,2812,1.104,0.048,0.093,True,0.554
d_sig_def,2812,1.099,0.092,0.122,True,0.549
c_adj_sapm,2812,1.009,-0.129,-0.114,True,0.556
d_head_def,2812,0.984,0.104,0.127,True,0.546
elo,2812,0.958,0.045,0.086,True,0.549
d_adj_def,2812,0.942,0.091,0.105,True,0.537
c_o_head_pm,2812,0.918,-0.116,-0.102,True,0.542
avg_gap_days,1704,0.882,-0.09,-0.073,True,0.553
d_o_head_pm,2812,0.879,-0.12,-0.115,True,0.537
d_sapm,2812,0.838,-0.115,-0.112,True,0.545
c_sapm,2812,0.829,-0.102,-0.099,True,0.548
over_exp_all,2200,0.813,0.074,0.083,True,0.554
c_sig_def,2812,0.8,0.086,0.107,True,0.532
c_head_def,2812,0.798,0.107,0.111,True,0.536
d_o_clinch_pm,2812,0.771,-0.048,-0.093,True,0.544
c_adj_def,2812,0.724,0.078,0.091,True,0.535
streak,2812,0.709,0.068,0.108,True,0.515
d_o_ground_pm,2812,0.688,-0.068,-0.095,True,0.555
c_o_clinch_pm,2812,0.669,-0.035,-0.086,True,0.539
c_ground_pm,2812,0.61,0.059,0.091,True,0.528
d_adj_acc,2812,0.607,0.059,0.075,True,0.545
c_o_ground_pm,2812,0.592,-0.078,-0.081,True,0.547
d_ground_pm,2812,0.548,0.065,0.09,True,0.526
d_adj_ctrl,2812,0.546,0.072,0.079,True,0.524
d_kd_abs15,2812,0.493,-0.098,-0.083,True,0.542
c_kd_abs15,2812,0.487,-0.094,-0.076,True,0.534
c_adj_ctrl,2812,0.485,0.061,0.07,True,0.529
d_o_body_pm,2812,0.485,-0.043,-0.067,True,0.532
d_head_acc,2812,0.47,0.051,0.073,True,0.532
tenure_days,2812,0.432,-0.11,-0.11,True,0.526
c_adj_acc,2812,0.424,0.053,0.061,True,0.534
ko_loss_rate,2207,0.409,-0.089,-0.082,True,0.491
c_o_body_pm,2812,0.407,-0.026,-0.058,True,0.53
selo_grapple,2812,0.4,0.093,0.086,True,0.541
d_adj_slpm,2812,0.4,0.066,0.069,True,0.534
d_ctrl_abs_share,2812,0.384,-0.071,-0.068,True,0.535
c_ground_frac,2812,0.381,0.041,0.063,True,0.516
d_head_pm,2812,0.378,0.051,0.074,True,0.522
c_head_acc,2812,0.375,0.049,0.07,True,0.526
d_sig_acc,2812,0.358,0.042,0.063,True,0.53
c_sig_acc,2812,0.344,0.036,0.06,True,0.522
d_ground_frac,2812,0.339,0.057,0.069,True,0.514
d_tda15,2812,0.334,0.075,0.069,True,0.52
c_ctrl_abs_share,2812,0.329,-0.082,-0.067,True,0.533
d_slpm,2812,0.324,0.053,0.066,True,0.527
losses_last2,2207,0.312,-0.069,-0.096,True,0.496
d_adj_tda,2812,0.307,0.069,0.069,True,0.518
losses,2812,0.291,-0.104,-0.103,True,0.497
c_adj_tda,2812,0.287,0.066,0.064,True,0.518
c_tda15,2812,0.274,0.076,0.065,True,0.519
reach,2806,0.268,0.047,0.069,True,0.509
d_tlpm,2812,0.253,0.031,0.069,True,0.518
c_slpm,2812,0.24,0.061,0.065,True,0.528
ko_loss_n,2812,0.232,-0.096,-0.09,True,0.458
last3_winrate,2200,0.229,0.053,0.084,True,0.507
worst_loss_elo,1567,0.227,0.034,0.046,True,0.53
selo_kd,2812,0.223,0.036,0.02,True,0.52
c_tlpm,2812,0.218,0.034,0.057,True,0.526
d_o_sub15,2812,0.212,-0.017,-0.031,True,0.525
d_ctrl_share,2812,0.205,0.064,0.064,True,0.513
c_ctrl_share,2812,0.195,0.059,0.056,True,0.512
sub_win_n,2812,0.191,-0.039,0.019,False,0.489
d_adj_td,2812,0.19,0.113,0.078,True,0.515
last_ko_loss,2207,0.179,-0.055,-0.056,True,0.452
d_head_frac,2812,0.174,0.031,0.036,True,0.518
c_head_pm,2812,0.169,0.06,0.071,True,0.526
d_kd_share,2812,0.166,0.073,0.075,True,0.51
c_kd_share,2812,0.159,0.066,0.054,True,0.518
d_o_tda15,2812,0.155,0.021,0.017,True,0.518
last_res,2200,0.15,0.047,0.059,True,0.459
c_o_leg_pm,2812,0.139,-0.011,-0.017,True,0.516
dec_loss_rate,2207,0.13,-0.03,-0.049,True,0.498
c_head_frac,2812,0.13,0.034,0.03,True,0.512
c_o_dist_pm,2812,0.128,-0.059,-0.048,True,0.537
c_o_sub15,2812,0.123,-0.024,-0.035,True,0.522
c_adj_slpm,2812,0.121,0.061,0.055,True,0.529
over_exp_last3,2200,0.113,0.059,0.082,True,0.526
d_o_sig_att_pm,2812,0.109,-0.073,-0.058,True,0.526
d_clinch_pm,2812,0.106,0.019,-0.017,False,0.514
selo_sub,2812,0.093,0.01,0.04,True,0.493
d_td_abs15,2812,0.091,-0.028,-0.014,True,0.522
split_win_rate,2207,0.081,-0.024,-0.078,True,0.466
c_o_sig_att_pm,2812,0.081,-0.061,-0.051,True,0.508
fights_365,2812,0.08,0.061,0.068,True,0.501
sub_win_rate,2207,0.08,-0.017,0.038,False,0.489
d_td15,2812,0.078,0.112,0.075,True,0.512
split_win_n,2812,0.075,-0.057,-0.099,True,0.441
d_dist_pm,2812,0.061,0.017,0.035,True,0.514
avg_mins,2207,0.055,0.032,0.017,True,0.509
debut,2812,0.055,0.013,-0.015,False,0.454
d_sig_att_pm,2812,0.048,0.019,0.036,True,0.515
c_body_pm,2812,0.047,0.026,0.018,True,0.508
ko_loss_2y,2207,0.035,-0.064,-0.056,True,0.459
c_sig_att_pm,2812,0.03,0.032,0.034,True,0.511
c_dist_pm,2812,0.027,0.026,0.032,True,0.51
c_o_tda15,2812,0.025,0.007,0.003,True,0.505
c_clinch_pm,2812,0.021,0.028,-0.011,False,0.509
country_fights,2812,0.019,-0.072,-0.05,True,0.5
d_clinch_frac,2812,0.013,-0.003,-0.037,True,0.512
height,2806,0.011,0.019,0.059,True,0.487
split_loss_rate,2207,0.007,0.025,0.004,True,0.458
c_leg_frac,2812,0.005,-0.019,-0.028,True,0.514
d_td_def,2812,0.002,0.067,0.042,True,0.526
switch,2812,0.0,-0.007,0.028,False,0.426
d_o_leg_pm,2812,-0.01,-0.032,-0.016,True,0.509
c_adj_td,2812,-0.011,0.106,0.075,True,0.517
southpaw,2812,-0.014,0.043,0.021,True,0.461
c_adj_sub,2812,-0.025,0.006,0.04,True,0.483
c_sub15,2812,-0.027,0.005,0.024,True,0.478
c_clinch_frac,2812,-0.027,-0.004,-0.038,True,0.506
d_td_share,2812,-0.029,0.081,0.052,True,0.518
d_adj_sub,2812,-0.04,0.016,0.05,True,0.487
days_since_last,2207,-0.043,-0.033,-0.013,True,0.502
dec_loss_n,2812,-0.046,-0.054,-0.073,True,0.486
sub_loss_n,2812,-0.046,-0.041,-0.035,True,0.441
d_dist_frac,2812,-0.048,-0.046,-0.032,True,0.506
d_body_pm,2812,-0.052,0.025,0.013,True,0.494
ko_win_rate,2207,-0.052,0.021,0.021,True,0.496
d_adj_kd,2812,-0.054,0.013,0.024,True,0.502
d_leg_frac,2812,-0.062,-0.016,-0.024,True,0.499
sub_loss_rate,2207,-0.066,-0.025,-0.007,True,0.452
d_o_dist_pm,2812,-0.083,-0.075,-0.054,True,0.523
d_sub15,2812,-0.084,0.017,0.044,True,0.493
d_leg_pm,2812,-0.105,0.018,0.015,True,0.494
c_leg_pm,2812,-0.107,0.02,0.014,True,0.496
finished_loss_share,1567,-0.114,-0.072,-0.015,True,0.499
c_dist_frac,2812,-0.121,-0.034,-0.028,True,0.495
split_loss_n,2812,-0.123,0.007,-0.023,False,0.443
d_stat_mins,2812,-0.124,0.013,0.031,True,0.539
c_adj_kd,2812,-0.129,0.021,0.004,True,0.514
c_body_frac,2812,-0.136,-0.028,-0.01,True,0.498
c_td15,2812,-0.154,0.107,0.068,True,0.512
d_body_frac,2812,-0.159,-0.024,-0.019,True,0.497
d_kd15,2812,-0.181,0.01,0.023,True,0.499
c_rev15,2812,-0.19,-0.031,-0.006,True,0.504
ape,2806,-0.191,0.044,0.029,True,0.496
d_rev15,2812,-0.215,-0.018,-0.001,True,0.512
c_o_rev15,2812,-0.215,-0.03,0.007,False,0.503
weight_change,2812,-0.227,-0.005,-0.002,True,0.43
c_td_abs15,2812,-0.23,-0.049,-0.011,True,0.519
c_kd15,2812,-0.251,0.018,-0.002,False,0.486
fights_730,2812,-0.278,0.025,0.037,True,0.516
n_fights,2812,-0.289,-0.07,-0.067,True,0.502
late_fights,2812,-0.322,-0.052,-0.054,True,0.498
went_dist_rate,2207,-0.346,0.01,-0.031,False,0.484
cage_mins,2812,-0.368,-0.059,-0.06,True,0.51
c_stat_mins,2812,-0.368,-0.059,-0.06,True,0.51
glicko_rd,2812,-0.373,0.044,0.014,True,0.519
wins,2812,-0.384,-0.039,-0.032,True,0.512
d_td_acc,2812,-0.396,0.075,0.018,True,0.495
c_td_share,2812,-0.404,0.09,0.044,True,0.511
five_rate,2207,-0.41,0.008,-0.01,False,0.456
finish_win_share,1882,-0.423,-0.023,0.021,False,0.49
went_dist_n,2812,-0.454,-0.042,-0.059,True,0.495
d_o_rev15,2812,-0.463,-0.023,0.018,False,0.512
late_early_ratio,1807,-0.508,-0.049,0.0,False,0.501
ko_win_n,2812,-0.535,-0.019,-0.041,True,0.477
c_td_def,2812,-0.567,0.078,0.018,True,0.499
title_rate,2207,-0.652,0.02,-0.002,False,0.463
c_td_acc,2812,-0.658,0.063,0.002,True,0.49
dec_win_rate,2207,-0.666,0.036,0.004,True,0.504
fights_at_weight,2788,-0.678,-0.066,-0.08,True,0.491
best_win_elo,1882,-0.787,-0.003,-0.016,True,0.514
five_n,2812,-0.802,-0.014,-0.032,True,0.446
title_n,2812,-0.85,-0.007,-0.023,True,0.451
dec_win_n,2812,-0.938,-0.019,-0.031,True,0.489
sos_elo,2207,-1.014,0.025,-0.024,False,0.498
