diff,level_of,disc_coef,disc_p,rep_coef,rep_p,disc_q,replicated
elo_tuned,d_adj_td,0.21185651816486892,1.3295136912491322e-06,0.0757138119573175,0.059652003495263464,0.00041325355507814435,False
glicko,d_adj_td,0.21405582021111055,1.3775118502604812e-06,0.08744926545947856,0.0321080859991157,0.00041325355507814435,True
elo_tuned,d_td15,0.19646802996726212,7.419554615486531e-06,0.08371781712564451,0.037559120529206264,0.001483910923097306,True
glicko,d_td15,0.19364652801394114,1.2088886586478718e-05,0.10056750112621794,0.014124379341779802,0.0018133329879718078,True
win_rate_s,d_adj_td,0.16634045046085302,6.625152729767127e-05,0.08895106929067803,0.022337941353217598,0.006940977433249988,True
d_ctrl_share,d_td15,0.1588059419329158,6.940977433249988e-05,0.07981606976672298,0.01603329863640105,0.006940977433249988,True
d_adj_slpm,d_adj_sapm,-0.12594286482475997,0.00015322263903953833,0.02080724170432829,0.5148593416525302,0.013133369060531858,False
win_rate_s,d_td15,0.15706004063995802,0.00020627255741224946,0.09699007811808966,0.01522950347134972,0.01547044180591871,True
d_ctrl_share,d_adj_td,0.13924228217616128,0.0005441892163221566,0.08588884786117425,0.009615074471464006,0.036279281088143774,True
streak,days_since_last,0.16671601736868988,0.0010829798413016956,0.0004943922387570837,0.9896881303416128,0.05937183174246465,False
n_fights,d_td_def,-0.12367087756607223,0.0010884835819451853,-0.07865422418384138,0.03852815654946415,0.05937183174246465,True
selo_strike,n_fights,-0.13002039811233848,0.0013517279402258237,-0.08303122416196498,0.036072877649666595,0.06758639701129118,True
days_since_last,d_td15,-0.25200062260542105,0.0018259081922263145,-0.004496997359801014,0.9357929621039043,0.07988211942442588,False
height,c_kd15,0.13025611653994654,0.0018639161199032704,0.028376182972307595,0.4688918789149158,0.07988211942442588,False
n_fights,glicko,-0.13068167790657925,0.0020207952122955914,-0.09857356381141627,0.021785412841416198,0.08083180849182366,True
d_adj_slpm,dec_margin_avg,0.2014112166149868,0.002361534660697817,-0.0007234733628873541,0.9890411464734623,0.08855754977616814,False
reach,c_kd15,0.12783259562098448,0.002780612731438028,0.013534669065349236,0.7167211982270939,0.09505914493572072,False
d_sig_def,days_since_last,0.19773749202262805,0.0028610472870975075,-0.022929292278302482,0.6444787132350179,0.09505914493572072,False
d_td_def,streak,0.10821825549782577,0.003033258586804232,0.13507394290972047,0.00030125539841700463,0.09505914493572072,True
n_fights,d_td15,0.11316161375354285,0.0032756566830125454,0.011205077042455212,0.7499175461757346,0.09505914493572072,False
reach,selo_strike,0.11151634580359883,0.0033270700727502252,0.08604460372920943,0.00984234074387332,0.09505914493572072,True
n_fights,elo_tuned,-0.12094107291130389,0.0037355422178966726,-0.08953060845302808,0.029168950848962667,0.1018784241244547,False
d_adj_slpm,d_adj_td,0.1061296036677455,0.003968267970917787,-0.015544257898071455,0.6852067990064257,0.10352003402394228,False
reach,height,0.11301341556700223,0.004355843605443147,0.07895502394796039,0.03381560868105645,0.10889609013607866,False
d_sig_share,elo_tuned,0.11504221217974248,0.00481796710101006,0.03966249623602567,0.32096321000827854,0.11021858683573833,False
days_since_last,d_adj_td,-0.22475592641792982,0.004867977210338806,-0.02669677199486273,0.6151326974778697,0.11021858683573833,False
ko_loss_rate,c_kd_abs15,-0.12358173287178532,0.005112136035200573,-0.01752680848406618,0.6409768437938501,0.11021858683573833,False
d_sig_share,streak,0.11593082739723433,0.005143534052334455,0.09263178077575879,0.02283189773582438,0.11021858683573833,False
d_td_def,selo_strike,0.10187781873344215,0.005583583719469563,0.02208453219342226,0.5614420200973966,0.11552242178212889,False
d_td_def,elo_tuned,0.10447279389049141,0.0063038394610085815,0.03201485771160458,0.4026042375723643,0.12302926942625596,False
d_td_def,glicko,0.10408246399589742,0.006356512253689891,0.026057199093846323,0.5000883129331462,0.12302926942625596,False
d_td_def,win_rate_s,0.10374626576094463,0.006751282088903515,0.05597498106408522,0.1396898327240576,0.1265865391669409,False
d_td_def,d_adj_sapm,-0.10278581546005035,0.00715040977763503,-0.06662379336483176,0.06459323093447966,0.1300074505024551,False
d_sig_share,glicko,0.10796710099627027,0.007605649441507065,0.03298837169434274,0.40405519200357065,0.1342173430854188,False
d_adj_slpm,d_td15,0.09580123969947102,0.008732958510564591,-0.01209859688401266,0.7509790272219895,0.14970786018110727,False
glicko,d_ctrl_share,0.10829342784675258,0.009316245758432823,0.11171424210945978,0.00486536690119323,0.14994635411297016,False
elo_tuned,d_ctrl_share,0.1059619824525928,0.009474668672865965,0.085494482199358,0.029223732238090175,0.14994635411297016,False
d_adj_slpm,win_rate_s,0.10709429501394296,0.009496602427154777,0.0718856221713481,0.055359198097322176,0.14994635411297016,False
c_slpm_minus_sapm,d_td15,0.10138651520176074,0.010908522292645622,0.039184966239721904,0.3020689756410092,0.16782341988685573,False
n_fights,d_ctrl_share,0.0950544950103412,0.011307013480393624,0.035566113126403565,0.3142621160548444,0.16793817484183818,False
d_adj_slpm,d_ctrl_share,0.09087060159111846,0.011475775280858943,-0.06822929795547394,0.058225110063970874,0.16793817484183818,False
reach,elo_tuned,0.0984603807931804,0.012353929247486893,0.04858308997245363,0.16337854286850625,0.1735686608077743,False
d_sig_share,win_rate_s,0.0991489936348758,0.012439087357890491,0.06312857441197638,0.10864744836498014,0.1735686608077743,False
reach,d_td_def,0.09793508458791082,0.012835079180676688,0.06925328161056492,0.07564228034227193,0.17502380700922757,False
selo_strike,d_td15,0.0977348893884265,0.013271882678144989,0.016791579581471403,0.6484619499612149,0.17695843570859984,False
reach,glicko,0.097539100129486,0.014880346877830283,0.052252395816997116,0.13850715606621536,0.19409148101517762,False
d_ctrl_share,d_td_def,-0.09172847395250087,0.01547134516471377,-0.0027541311760179168,0.9417684295914468,0.19635820767784554,False
d_td15,c_kd15,-0.08624994123121597,0.015708656614227642,-0.03289797902337375,0.4332062456653617,0.19635820767784554,False
c_slpm_minus_sapm,streak,0.0905605506897661,0.01717650971586726,0.07390014062920607,0.05464156053697526,0.20632041677101676,False
n_fights,c_kd15,-0.08874726866527781,0.017193368064251396,-0.02206895711666211,0.5187445722677062,0.20632041677101676,False
glicko,elo_tuned,0.10568336508923076,0.01852222256058561,0.04449807666888417,0.296858135891153,0.21510394966891994,False
n_fights,d_adj_slpm,-0.09857018247491153,0.018652012570953565,-0.009803399656838682,0.787837107149032,0.21510394966891994,False
late_early_ratio,dec_margin_avg,0.1388011489905272,0.019000848887421262,0.09010108976898609,0.031074766704186466,0.21510394966891994,False
reach,win_rate_s,0.0946702990901374,0.020398827257493427,0.06253261539958219,0.08657423186949516,0.22412699163210054,False
selo_strike,age,-0.0900633554881317,0.020847736151721617,-0.10722292099417695,0.005549166081437166,0.22412699163210054,False
late_early_ratio,age,0.15921494203280653,0.02091851921899605,0.015354676385363402,0.747027970212546,0.22412699163210054,False
selo_strike,d_adj_td,0.09358847280204607,0.021618090292659726,-0.0012309663444524893,0.9741805524536856,0.22545091957276586,False
dec_margin_avg,d_td15,0.15850208852222158,0.022778480808487125,0.059621141081175694,0.2242234995188287,0.22545091957276586,False
d_ctrl_share,c_kd15,-0.07698300895837334,0.023172158715911828,0.0325480775614077,0.41692856880680274,0.22545091957276586,False
glicko,win_rate_s,0.10242082945399238,0.023230330458102754,0.07751903914088956,0.06614205244535261,0.22545091957276586,False
days_since_last,n_fights,0.10484605508657246,0.023267011539925136,-0.018742746709370227,0.6796943578689383,0.22545091957276586,False
d_adj_slpm,elo_tuned,0.09316032235028743,0.024206347235637138,0.04053659140970909,0.27107558580434443,0.22545091957276586,False
height,reach,0.08449417668045457,0.024259156462053236,0.011821285496343889,0.7453517937913952,0.22545091957276586,False
d_adj_slpm,glicko,0.09323380494564061,0.024361633966680247,0.03866136509117453,0.3010381872146344,0.22545091957276586,False
sub_win_rate,elo_tuned,-0.12423523402888458,0.0255316164678057,-0.03654700165491953,0.4614244721926857,0.22545091957276586,False
c_slpm_minus_sapm,d_adj_td,0.0894389813420182,0.025858901277210734,0.040261081090261684,0.28935624852470987,0.22545091957276586,False
n_fights,age,-0.0809644576555141,0.026585120362120122,-0.08078704782387529,0.047143022511395245,0.22545091957276586,False
d_sig_share,selo_strike,0.08946749512762538,0.02680417207699147,0.0686263425433263,0.08680711515610041,0.22545091957276586,False
late_early_ratio,d_sig_def,0.1387591279696109,0.02721825312778698,0.057007929537650645,0.19092686936512182,0.22545091957276586,False
days_since_last,d_ctrl_share,-0.16125087351770556,0.027300628086421946,-0.01306204392428546,0.7967856385864126,0.22545091957276586,False
height,d_sig_def,-0.08973965838545682,0.027306352337039052,0.05852105656315811,0.11377183469082315,0.22545091957276586,False
d_td15,d_ctrl_share,0.08500118883345106,0.027307549161897822,0.14561484827576762,0.00012920589915976752,0.22545091957276586,False
sub_win_rate,dec_margin_avg,-0.1383149847077315,0.027429861881353178,-0.008129768392836526,0.8791884294414529,0.22545091957276586,False
d_adj_td,c_kd15,-0.07860064792135045,0.028484410423810596,-0.04455112783663195,0.27691172773346245,0.22949031150875485,False
n_fights,d_adj_td,0.08639365296968722,0.028686288938594356,-0.005737433692292548,0.8779721737316306,0.22949031150875485,False
sub_win_rate,win_rate_s,-0.12242369047010193,0.029695939805516113,-0.06487237644172779,0.21912601370921717,0.23444163004354826,False
days_since_last,d_adj_sapm,0.17742685862562746,0.0312911581126665,0.03790938828906209,0.445193907677489,0.24382720607272598,False
c_slpm_minus_sapm,elo_tuned,0.08589194076747367,0.032097741603262044,0.03415059694569166,0.3737543530147084,0.24690570464047726,False
d_td_def,d_ctrl_share,0.08159378019838033,0.032513191328630134,0.009879141443189769,0.7905354946848552,0.24693563034402635,False
win_rate_s,d_ctrl_share,0.08524215281415307,0.03452843088846369,0.09897261183953801,0.009436513926100643,0.2589632316634777,False
d_td_def,d_adj_td,0.07858382810939789,0.03525394192064454,-0.024151981591275615,0.5221174791526058,0.2590495046724105,False
dec_margin_avg,c_kd_abs15,-0.11830675989178263,0.03546462632871873,-0.05592405795928983,0.274926572248993,0.2590495046724105,False
c_slpm_minus_sapm,win_rate_s,0.08291082269681954,0.03616965861735137,0.051954146853588,0.17427431937220336,0.2590495046724105,False
dec_margin_avg,d_adj_td,0.14186768857272528,0.03626693065413747,0.06554330090078762,0.17749045644273373,0.2590495046724105,False
sub_win_rate,glicko,-0.1146184032319856,0.03906380293863888,-0.03826057161793992,0.44486003473951075,0.2742318769062932,False
c_slpm_minus_sapm,d_ctrl_share,0.08075301310895958,0.03953520271151101,0.016637867830826655,0.6587585120897421,0.2742318769062932,False
late_early_ratio,n_fights,0.14669219958555346,0.03976362215141251,0.06294290495163836,0.22426289976077285,0.2742318769062932,False
d_td_def,dec_margin_avg,0.13552484067617065,0.04023450721622918,0.038527836772131105,0.4369506475653224,0.274326185565199,False
selo_strike,c_kd15,-0.06576235929905869,0.04187616728619588,-0.0799673873641211,0.021134080917076335,0.2759440984062683,False
d_adj_td,dec_margin_avg,-0.13202983985294672,0.041902571978652645,0.0902639094828891,0.08691760654789096,0.2759440984062683,False
d_td_def,c_slpm_minus_sapm,0.08051468074354214,0.041994127714736325,0.03995288537003591,0.2718336430292352,0.2759440984062683,False
c_slpm_minus_sapm,age,-0.08147402445909845,0.042311428422294475,-0.015429513412347644,0.7022484697446314,0.2759440984062683,False
d_adj_slpm,selo_strike,0.08035998494704294,0.04293279869458878,0.0026683362886563786,0.9421718039644935,0.276985798029605,False
glicko,selo_strike,0.08430257210875716,0.04404941100355689,0.03248682582122838,0.4153311568713688,0.28116645321419287,False
d_adj_sapm,streak,-0.07884709452029583,0.04520591433686604,-0.038197051986586156,0.2840689210832784,0.2855110379170487,False
c_kd_abs15,d_adj_sapm,0.07793357024636564,0.04616842638721728,0.021628290824161713,0.585788004728252,0.28855266492010795,False
d_ctrl_share,dec_margin_avg,-0.12534655415963783,0.04705125979718291,0.08770353012040215,0.09366985684499499,0.2910387203949458,False
selo_strike,reach,-0.08848587779751327,0.04767155964507115,-0.04183729045648528,0.28948262156327775,0.29186669170451723,False
reach,streak,0.07785591099603793,0.04925318608556787,0.06472683603893303,0.06081052522407882,0.2985041580943507,False
d_ctrl_share,days_since_last,0.11632360145687402,0.049780939418327626,0.07249576426014459,0.16260890474526662,0.2986856365099657,False
d_td_def,d_td15,0.0715145019697609,0.0504716638301451,-0.020122922504772184,0.5954223675720469,0.29983166631769365,False
height,win_rate_s,0.0834267992002292,0.05119370400227352,0.005162316656560107,0.8889856049890051,0.3011394353074913,False
elo_tuned,glicko,0.08372507569986903,0.05288628004514392,0.07106115333523896,0.08378932608310291,0.3047682200440335,False
sub_win_rate,late_early_ratio,0.11992663806063657,0.053078002882620864,-0.02721345402283715,0.5512654807888951,0.3047682200440335,False
c_kd15,glicko,0.06938710866816979,0.053334438507705854,-0.04687466289938597,0.19548035902072738,0.3047682200440335,False
d_td15,d_adj_td,0.06748800174160975,0.0564775781832858,0.08307549488164741,0.006494799416412743,0.3189550230287389,False
c_slpm_minus_sapm,glicko,0.07487770554239541,0.057334121233740515,0.0326391865694106,0.3923894059377807,0.3189550230287389,False
d_adj_sapm,d_ctrl_share,-0.07485474883369732,0.05741190414517301,-0.11354444894154969,0.0025531502005579163,0.3189550230287389,False
d_td15,n_fights,-0.07550392921193956,0.058689694497401544,0.03614637422097638,0.3868781886130215,0.3230625385178067,False
c_slpm_minus_sapm,d_adj_sapm,-0.05840248408845136,0.06083567144327212,-0.045959548471216326,0.16122704810662306,0.32790567555917355,False
win_rate_s,glicko,0.0835061063100338,0.061003507001270024,0.10527597086237406,0.01281366481293772,0.32790567555917355,False
elo_tuned,win_rate_s,0.08523308761050737,0.0612090594377124,0.10637959148981105,0.010759074595243404,0.32790567555917355,False
n_fights,d_sig_def,-0.07317062908626572,0.06353564622696786,-0.05897480557072197,0.12632263466789462,0.33307221886127336,False
n_fights,win_rate_s,-0.0838670565595315,0.06356612118823834,-0.09923439450699477,0.02655632995200344,0.33307221886127336,False
height,glicko,0.07940663591486519,0.06450680927174028,0.0029636135036711347,0.935607852286025,0.33307221886127336,False
d_td15,days_since_last,0.11687675166178309,0.06465815062394549,0.055242035577390276,0.33107075304667843,0.33307221886127336,False
win_rate_s,elo_tuned,0.08400580498748293,0.0649490826779483,0.11307221408719939,0.008417649972527993,0.33307221886127336,False
d_adj_sapm,d_td15,-0.07142038201281956,0.0664537136314632,-0.07439878570592992,0.05039727135715107,0.3379002388040502,False
late_early_ratio,glicko,0.11707792518037306,0.06897881790793893,-0.02819680274978045,0.5504166689270626,0.3457331585644408,False
reach,dec_margin_avg,0.11409163883075189,0.06970589180751426,0.06138356129444751,0.21478019543856613,0.3457331585644408,False
age,dec_margin_avg,-0.11026608904978,0.07085500034635553,0.008327713469068007,0.8726811209110124,0.3457331585644408,False
d_td15,dec_margin_avg,-0.11963394724195171,0.07116582729225111,0.10531881134857572,0.051570232240542135,0.3457331585644408,False
c_kd_abs15,d_td15,-0.07856952851374246,0.07218037532636132,-0.030347391381450036,0.44484616006560285,0.3457331585644408,False
d_td_def,d_sig_share,0.06831371889475894,0.07262617504974021,0.07923308156929215,0.030469073693330104,0.3457331585644408,False
glicko,d_adj_sapm,-0.07453511390175126,0.07265161861058594,-0.05419455014444516,0.14631437211073892,0.3457331585644408,False
win_rate_s,days_since_last,0.0751201463509071,0.07266951237618771,-0.09545357542349281,0.003395792096512774,0.3457331585644408,False
d_adj_slpm,c_kd15,0.06212081638516251,0.07343492275303795,0.06470022442205604,0.0825357536528655,0.3457331585644408,False
d_adj_sapm,c_slpm_minus_sapm,-0.061543445877471355,0.07386552292439644,-0.12464693329497807,0.00012286594629822603,0.3457331585644408,False
height,elo_tuned,0.07608022482886644,0.07433262909135478,-0.003395303042996183,0.9258077383187097,0.3457331585644408,False
ko_loss_rate,c_kd15,-0.0922682203068217,0.07541652840804594,-0.06735329318639714,0.13628726885714118,0.34807628496021203,False
c_kd15,elo_tuned,0.06490540979474763,0.07795610327655093,-0.03981744561034053,0.2639108877250095,0.35705085470175996,False
days_since_last,d_sig_share,-0.12227827614881723,0.07928870699858709,-0.029895950338846188,0.5190153883626323,0.35775671135717513,False
d_sig_share,c_slpm_minus_sapm,0.0663975501465131,0.07930273768417381,0.07247220298492375,0.0509371124355894,0.35775671135717513,False
reach,c_slpm_minus_sapm,0.06662959202180739,0.0805011235868858,0.13659194564835878,0.00022684995004621926,0.3582568695488538,False
d_adj_td,days_since_last,0.10944216055011001,0.0806077956484921,0.06054583142131272,0.25782635325706194,0.3582568695488538,False
d_adj_td,d_td15,0.0611962426163584,0.08156666501903861,0.07889838550009821,0.010585594643459963,0.3587380234729464,False
d_adj_sapm,days_since_last,-0.13141769254563646,0.08300562533742788,-0.033658919958903646,0.5055285743672369,0.3587380234729464,False
dec_margin_avg,late_early_ratio,-0.11754014432781341,0.08379931379743913,-0.04872197494807597,0.31126382075557113,0.3587380234729464,False
sub_win_rate,d_sig_def,-0.0882397571918664,0.08422921117104053,-0.005172811887166439,0.9058057605695983,0.3587380234729464,False
days_since_last,reach,0.10757972641862638,0.08449488360649639,0.061755758660056316,0.19438611951643886,0.3587380234729464,False
selo_strike,d_ctrl_share,0.06690964405007711,0.08463079538161167,0.012324256244504526,0.7447650257742053,0.3587380234729464,False
d_adj_sapm,selo_strike,-0.06814141278135075,0.08490133222193065,-0.1003606272206149,0.008437387868353586,0.3587380234729464,False
selo_strike,height,-0.07936538574859299,0.08561641402021433,-0.04819072527944288,0.22919397416171522,0.35879866189570986,False
d_adj_sapm,reach,-0.06863858900850445,0.08611167885497037,-0.044873038326733124,0.23902576049122415,0.35879866189570986,False
c_kd_abs15,d_sig_share,-0.06536305237052296,0.08776918282301166,0.006674510442143504,0.8598111692563087,0.363182825474531,False
streak,n_fights,-0.06149454468076745,0.08842440406734073,0.044033260359460036,0.25294141409669485,0.3633879619205783,False
ko_loss_rate,days_since_last,-0.08769431231070664,0.09094390165120221,-0.02392791074329143,0.4732510467462533,0.3676640584806593,False
dec_margin_avg,d_ctrl_share,0.11409516909830482,0.09099590094420641,0.0902559348007366,0.07452608653336532,0.3676640584806593,False
sub_win_rate,age,-0.08796127222070553,0.09130324118936373,0.0011958424302362498,0.9759908057014459,0.3676640584806593,False
d_adj_td,d_ctrl_share,0.06598613632103605,0.09272027461692632,0.1600733481082267,3.2245946532010276e-05,0.3708810984677053,False
d_adj_td,ko_loss_rate,-0.08787898973585738,0.09645490897051093,-0.05426148227854121,0.22030837978594237,0.37425397896050977,False
d_adj_sapm,d_sig_share,-0.0632001998826046,0.09655767732568704,-0.13557911164486666,0.00018730950121338563,0.37425397896050977,False
c_kd15,d_adj_sapm,-0.06307475028015394,0.09668793888841186,0.06069890748848509,0.08243421531243243,0.37425397896050977,False
d_sig_share,d_adj_slpm,0.07128837541589433,0.09725920350916922,0.06135240102183851,0.12152910147772868,0.37425397896050977,False
sub_win_rate,n_fights,-0.08493406705108604,0.09780638360999547,0.029089478228131436,0.4945464915301151,0.37425397896050977,False
c_kd_abs15,d_ctrl_share,-0.07214884624801882,0.09787278124424424,-0.03718510060535457,0.3628412932367199,0.37425397896050977,False
late_early_ratio,streak,0.1135040442473873,0.0984513680246808,0.02927543058042465,0.6008813927466833,0.37425397896050977,False
d_td_def,days_since_last,0.10348638647120467,0.09855354779293425,-0.11392726178566279,0.029024824039156565,0.37425397896050977,False
d_adj_sapm,d_adj_td,-0.06424284381828961,0.1000382741868944,-0.07455602570219627,0.05328898345831484,0.3775029214599789,False
height,d_td_def,0.06669405140580739,0.10304318115069387,0.052501183200561116,0.16978611693865583,0.386411929315102,False
late_early_ratio,elo_tuned,0.10481336481677499,0.10872634122840623,-0.032301606006276205,0.514362553884955,0.40519133377045796,False
elo_tuned,selo_strike,0.06292856371089788,0.1101238135727719,0.061738848727139015,0.10944588165672736,0.40786597619545145,False
d_adj_sapm,glicko,-0.062069292713259276,0.11519812486633291,-0.012213950489213487,0.7317109681517557,0.4240421774220844,False
n_fights,sub_win_rate,0.08018998133068814,0.1170880153219172,0.02567514863132595,0.5598075683046526,0.4265858053412079,False
d_sig_share,days_since_last,0.08915909890315693,0.11731109646883217,-0.03379111428426569,0.4401082806793055,0.4265858053412079,False
d_sig_def,d_td_def,-0.06130513011985507,0.11946695785119842,0.07937560484236265,0.031937667121943576,0.43180828138987376,False
c_kd15,height,0.06555595575712332,0.12149291338382237,-0.09733901787562932,0.016914096381134926,0.43650148521133786,False
d_td15,d_td_def,-0.057256925349912786,0.12290976899345214,-0.043533268468576324,0.24363297891631336,0.43866006608656816,False
c_slpm_minus_sapm,selo_strike,0.059321833089798576,0.12355591861438338,0.06869322309188935,0.0750845770585745,0.43866006608656816,False
c_kd_abs15,selo_strike,-0.06968128646541841,0.12656530959027879,0.009170137969212918,0.8121071226777306,0.44670109267157215,False
age,sub_win_rate,0.07531433014459388,0.13402967590917697,0.09062466119571393,0.04089664983437442,0.4680056280469446,False
c_kd_abs15,d_adj_td,-0.06347374794568339,0.13416161337345747,-0.02691787412496217,0.4930488185034352,0.4680056280469446,False
d_sig_def,streak,0.05734671040387873,0.1374333947080134,0.08673747991414915,0.0250768231758187,0.47664761170409276,False
d_adj_slpm,c_kd_abs15,-0.05695853142843016,0.13944163236500795,-0.004010078099226888,0.9168170550812492,0.48083321505175153,False
d_adj_td,d_td_def,-0.056557678772278956,0.14035835003181232,-0.06677314234913405,0.07614350200303406,0.48122862868049937,False
selo_strike,ko_loss_rate,-0.0756787836816813,0.14194939247666663,-0.017113103513887336,0.7078837052455106,0.4813444293876769,False
sub_win_rate,c_slpm_minus_sapm,-0.08105598266286632,0.14354977932240415,-0.004548619123627952,0.9212989307240305,0.4813444293876769,False
d_adj_sapm,height,-0.058431445095690926,0.14358870532675494,-0.03882441427628651,0.30969412331336654,0.4813444293876769,False
win_rate_s,selo_strike,0.06232220641647997,0.14360108810065694,0.08942722566534972,0.03511674932174608,0.4813444293876769,False
age,days_since_last,-0.0679223950902813,0.14466210837800744,-0.03365290496225054,0.490151242815388,0.4822070279266915,False
d_adj_sapm,elo_tuned,-0.05662527707507116,0.14778523363088725,-0.008121752937735965,0.8199120693868044,0.4897318892933155,False
d_td15,ko_loss_rate,-0.08054789725474004,0.14903693438577975,-0.03817612560498245,0.3944717806397132,0.4897318892933155,False
c_kd15,age,0.056998276330748235,0.14936822623446125,-0.08329692273451585,0.028478422531424828,0.4897318892933155,False
n_fights,selo_strike,-0.05065711025163573,0.1503717048512772,-0.025003346106046147,0.4872581139612835,0.49034251581938226,False
age,c_kd15,-0.0592999718495722,0.15152374669726495,0.014600444708785881,0.7021797874880794,0.49142836766680525,False
days_since_last,c_kd15,0.08261240947860232,0.15266242279338807,-0.052279653411005246,0.2925404858991065,0.49223228642348865,False
n_fights,reach,-0.06492800713224006,0.15341239593532063,0.010844108332199339,0.801922112847967,0.49223228642348865,False
d_adj_sapm,c_kd_abs15,-0.05645226867604142,0.15540336410336286,0.028212607245736075,0.45364637306416145,0.49536044051568934,False
c_kd15,streak,0.043000097722354115,0.15603853876244214,-0.012462772943747051,0.7051768163406628,0.49536044051568934,False
c_kd15,win_rate_s,0.05678957633606254,0.16195415097887822,-0.008442477031654079,0.8299097869788241,0.5114341609859312,False
days_since_last,glicko,0.07876044725962336,0.1668477989302916,-0.06389209769987528,0.11091863526350049,0.5241292112993454,False
c_kd15,reach,0.05675992730055092,0.17191982908982742,-0.09097036242480627,0.023833473492998514,0.528634321566234,False
height,c_kd_abs15,0.04741573270662413,0.17205563987474953,-0.07695140401328583,0.0200659701603942,0.528634321566234,False
elo_tuned,d_adj_sapm,-0.0546078040656885,0.17218888426583046,-0.05930636950490474,0.1070867525943193,0.528634321566234,False
elo_tuned,d_td_def,-0.05757382626814235,0.17363306194467687,0.027395097258525607,0.48786500068006966,0.528634321566234,False
age,d_adj_sapm,-0.05638806027810454,0.1743551313380166,-0.027509910978798024,0.48886385899222506,0.528634321566234,False
reach,d_sig_share,0.051914676677632755,0.17478920683845667,0.1324831718185886,0.00038471702767929193,0.528634321566234,False
height,dec_margin_avg,0.0869129661908466,0.17612635181458366,0.03968262311686982,0.41042839033583145,0.528634321566234,False
ko_loss_rate,height,-0.060899049551481864,0.17616474549448036,-0.01362826819826536,0.7497245891779107,0.528634321566234,False
glicko,d_td_def,-0.05785875475689782,0.17681584681474938,0.01464997035513593,0.7136545149288027,0.528634321566234,False
d_adj_slpm,age,-0.05680604482478121,0.17735556052352316,-0.0226918447191995,0.5616875572428678,0.528634321566234,False
days_since_last,elo_tuned,0.07777698130069814,0.17797355492729877,-0.06029071660145114,0.13918862011158736,0.528634321566234,False
n_fights,height,-0.06079496502024082,0.18125273569604133,-0.009458323462425837,0.8244400057872526,0.535722371515393,False
d_td_def,n_fights,0.055366712717206557,0.18302038200875548,-0.04251420141802561,0.26936749833057533,0.5364525564556651,False
win_rate_s,d_td_def,-0.05637351259568255,0.18393361279541875,0.0499638545149993,0.19917385682083563,0.5364525564556651,False
n_fights,dec_margin_avg,-0.08167635603628055,0.18418204438311173,-0.07305698278520399,0.1788405974174851,0.5364525564556651,False
age,height,0.05094056644866498,0.1864127452997647,0.05886602733738405,0.1267774971024139,0.5403267979703325,False
c_kd_abs15,c_kd15,-0.05378493361093963,0.18806672815944933,-0.05983310378649971,0.11322344948187613,0.5425001773830269,False
age,d_td15,-0.05594190397078589,0.19129901592946186,-0.022617807678807587,0.566985578595564,0.5491837777879288,False
win_rate_s,c_kd_abs15,0.04981723171335175,0.19373744509229646,-0.05580418420161565,0.12383389987773795,0.5498506180125476,False
days_since_last,d_sig_def,-0.09228964617178477,0.19391827789547578,-0.01005222939751358,0.8396524549571678,0.5498506180125476,False
days_since_last,height,0.08034290217566331,0.1942805516977668,0.06551437588738178,0.16149539090115045,0.5498506180125476,False
dec_margin_avg,streak,0.08147503224484921,0.19747106764149733,0.2003276744531013,0.00031269297066722915,0.5510087763014875,False
c_kd15,dec_margin_avg,0.07647819693256819,0.19818613292680753,0.0178180952924737,0.7084461004959703,0.5510087763014875,False
d_sig_share,d_td15,0.049788370736253834,0.19845732755075696,0.01415817779758114,0.7017634014551462,0.5510087763014875,False
glicko,streak,0.04679059430463377,0.19931508570195294,0.08191710038668547,0.028772764369397096,0.5510087763014875,False
n_fights,c_slpm_minus_sapm,-0.05305048254224569,0.2004842686515289,-0.030578920941202906,0.44632180317954107,0.5510087763014875,False
d_ctrl_share,reach,0.054239524436275,0.20057493216078898,0.03137643911706421,0.4175284553085765,0.5510087763014875,False
dec_margin_avg,elo_tuned,0.07895307726195228,0.2017617960454045,0.10341282199721819,0.037208425275113206,0.5510087763014875,False
glicko,sub_win_rate,0.06861789009925169,0.2029145707811963,0.0929574909705947,0.043610871363127246,0.5510087763014875,False
c_slpm_minus_sapm,days_since_last,0.05940342966330911,0.20429414534699772,-0.08421297871596325,0.06582661262659958,0.5510087763014875,False
late_early_ratio,d_adj_slpm,0.07968439015453936,0.20472789082478296,0.054891962434693416,0.288821274231601,0.5510087763014875,False
n_fights,d_adj_sapm,-0.04913632389542851,0.20479159519205284,-0.016167066935735667,0.6412964927964253,0.5510087763014875,False
late_early_ratio,win_rate_s,0.07184859819956302,0.2082117893095851,-0.02743480993999816,0.5613331087527884,0.5574667324860864,False
reach,d_adj_slpm,0.04980148873611111,0.2090500246822824,0.08000088890738247,0.03312066794116228,0.5574667324860864,False
d_ctrl_share,age,-0.04668352149342454,0.21420167910453694,-0.014457456706347318,0.701420228620421,0.5667829804148943,False
age,d_adj_td,-0.051645184812719146,0.21545439076339448,0.00759308763645038,0.8480205382497991,0.5667829804148943,False
c_kd_abs15,streak,-0.050632879544754754,0.2160888855457098,-0.01405767990179164,0.7265335459657838,0.5667829804148943,False
dec_margin_avg,sub_win_rate,0.07457322666639804,0.21632217085835134,-0.015209690533895414,0.7627383278431924,0.5667829804148943,False
c_kd15,selo_strike,0.03999735867393718,0.21799091947109522,-0.06855596713330339,0.027306989399730242,0.5686719638376397,False
d_sig_share,late_early_ratio,-0.0714860106265322,0.2213808506791869,0.002218003614732827,0.9550957375711928,0.5750151965693167,False
c_kd15,days_since_last,0.06552795597331655,0.22899829204774685,-0.1328062906671789,0.007302575043005967,0.590698646230593,False
d_adj_slpm,height,-0.046887188893032776,0.22938797428621363,-0.05044725669335713,0.1848219502765634,0.590698646230593,False
d_adj_sapm,dec_margin_avg,0.0777809185187328,0.23425509199379665,-0.13008884657845723,0.007421106221118094,0.5970476760784972,False
elo_tuned,sub_win_rate,0.06465914959249892,0.2345753083230959,0.1008827711004122,0.02922842257593697,0.5970476760784972,False
dec_margin_avg,d_td_def,0.0782171717195413,0.2355314669441585,0.07555016666884698,0.14882767184701995,0.5970476760784972,False
d_adj_slpm,c_slpm_minus_sapm,0.04317362481621448,0.23655074635016826,-0.013155894049200144,0.7102687837785004,0.5970476760784972,False
reach,d_sig_def,-0.044575306074114,0.23738050104387654,0.04920851556508902,0.16750292657465105,0.5970476760784972,False
c_kd_abs15,days_since_last,-0.05393267798750979,0.23782399097126805,-0.07129484581003398,0.08594983789950632,0.5970476760784972,False
late_early_ratio,d_td_def,0.07372699907820461,0.24519307487725972,0.06119924799237371,0.22211832216539676,0.6129826871931493,False
dec_margin_avg,glicko,0.07033805231977229,0.24831626431068093,0.0942427860049751,0.051558215057961494,0.6167413606349166,False
d_td_def,d_sig_def,0.04419850435310242,0.24875234878941638,0.05675743295973805,0.11162377685933215,0.6167413606349166,False
d_adj_slpm,sub_win_rate,0.06027519047878818,0.25301140783353626,0.011872277331749994,0.7914439406114796,0.6232222272015451,False
c_slpm_minus_sapm,ko_loss_rate,-0.05223902693508197,0.25344370572862834,-0.0021306691562883785,0.9587229104803742,0.6232222272015451,False
days_since_last,age,0.06320815601820406,0.25703988331172495,0.017707516355344385,0.6937909799960662,0.6294854285185101,False
d_adj_slpm,d_sig_def,-0.04465229710543924,0.26457397869067645,0.05764611064993792,0.11785909139278504,0.6429133316016803,False
glicko,d_sig_share,0.046039959876313354,0.2651731580011084,0.04579826795370911,0.23723075162262933,0.6429133316016803,False
height,streak,0.04751658114830727,0.2657375103953612,0.016147316095502576,0.6806300658858433,0.6429133316016803,False
d_td_def,c_kd15,0.040814715428181145,0.26994305564649185,0.028856882157045002,0.4457914526475042,0.650465194328896,False
elo_tuned,c_kd_abs15,0.04377206308228786,0.2730042289766088,-0.07336642661438811,0.04478383014652204,0.653651439754442,False
c_slpm_minus_sapm,height,-0.0446652462194778,0.27344418563060824,-0.010180890584750534,0.7872932939625217,0.653651439754442,False
ko_loss_rate,d_td_def,0.058300732160040045,0.2768767097086886,0.05965484025990829,0.18648376360283106,0.655249937636278,False
d_adj_sapm,d_sig_def,-0.04165158841322719,0.2780422948684561,-0.025061706875123244,0.48714658538485045,0.655249937636278,False
d_adj_sapm,age,-0.04519280408905733,0.2786031785283514,-0.019996520842186245,0.6231704227735033,0.655249937636278,False
d_td_def,height,0.04683718631103243,0.27878331346247354,0.054584562784225195,0.15890063269859406,0.655249937636278,False
dec_margin_avg,days_since_last,0.06037658918508427,0.27957330672481195,-0.07883060447138464,0.11092479536752309,0.655249937636278,False
days_since_last,win_rate_s,0.06050660186186434,0.2842469931498873,-0.05912464742144934,0.14379197148133163,0.6634974211141499,False
sub_win_rate,streak,-0.05329405338797404,0.2862076524043086,-0.00838828102344096,0.8514715248266271,0.6634974211141499,False
reach,d_adj_sapm,-0.04133088847838661,0.2864097201142747,-0.07658011776789289,0.040565600206748355,0.6634974211141499,False
glicko,c_kd_abs15,0.04262830493145704,0.28882677803139417,-0.06695950873836982,0.06292264859990385,0.6665233339186019,False
selo_strike,d_adj_slpm,-0.0434880183167044,0.2909409757642485,0.011884427779471402,0.7631517890822128,0.6688298293431,False
d_sig_def,selo_strike,0.04042280707875605,0.2939871593937234,0.06756351152640418,0.0757366340739049,0.6698301253463507,False
win_rate_s,d_adj_sapm,-0.042023251000519464,0.2940293436377983,-0.03780466869091109,0.29415774159826447,0.6698301253463507,False
age,reach,0.04089627861224007,0.2947252551523943,0.06220816961321004,0.114187073613868,0.6698301253463507,False
d_td15,glicko,-0.04012119613434041,0.2960233781137,0.06148063375961381,0.11588783321711259,0.6698461262067881,False
d_sig_share,d_adj_td,0.03992645183896691,0.2969651159516761,0.014193601723060575,0.6975878129875693,0.6698461262067881,False
streak,age,-0.04070402123084617,0.30480513343523563,0.05401406028741114,0.18217988997721135,0.6849553560342374,False
elo_tuned,days_since_last,0.03992122795485193,0.30964043405494135,-0.1148485549682845,0.0003957259117209996,0.693224852361809,False
late_early_ratio,sub_win_rate,0.05231948373337398,0.3113674480966923,-0.073737856949282,0.1559136579084289,0.6944998842305404,False
days_since_last,late_early_ratio,-0.084131974547366,0.31443904980643084,-0.05860361476146692,0.26710034433304297,0.6987534440142907,False
d_ctrl_share,n_fights,-0.03922974236579286,0.31587685968971574,0.057681084402139565,0.14885543815813235,0.6993583609366401,False
c_kd_abs15,elo_tuned,-0.04073872962342212,0.318557741429258,0.001213142540718338,0.9750986662829975,0.6997450239403442,False
d_sig_def,sub_win_rate,0.050253458600754336,0.31930647507516957,0.03767152413926209,0.3896971237262863,0.6997450239403442,False
d_adj_sapm,sub_win_rate,0.051929116333773645,0.3203851155576464,0.07861200874146064,0.08135110038262261,0.6997450239403442,False
streak,d_adj_td,0.03642072337616008,0.32117113704494016,0.008329523672484709,0.7992996288422366,0.6997450239403442,False
days_since_last,d_adj_slpm,-0.06977947879659169,0.3231338400105117,-0.05298402732673983,0.34287028513242995,0.6997450239403442,False
c_kd_abs15,ko_loss_rate,-0.04045641556034442,0.3238187757468322,-0.01269384113843686,0.7252931447627946,0.6997450239403442,False
c_slpm_minus_sapm,c_kd_abs15,-0.03496541534004539,0.3242151944256928,-0.022332090648731224,0.560279027766929,0.6997450239403442,False
d_td_def,sub_win_rate,0.051329985128592444,0.32805350899473296,0.09569468091605318,0.03773726556416709,0.7054914171929741,False
glicko,c_slpm_minus_sapm,0.04014456532421723,0.33670551930584613,0.03882503053657339,0.32363074462903973,0.721511827083956,False
d_adj_sapm,win_rate_s,-0.03662523286369052,0.3386782138142001,-0.018724274936415264,0.6039670789264251,0.723156328428897,False
d_td_def,ko_loss_rate,-0.05017308585054158,0.3435791145664834,-0.04449717225829332,0.3153567681743565,0.7310193926946454,False
ko_loss_rate,d_sig_share,-0.04718438525528399,0.34669390966257196,0.008794473487866723,0.8327435852720677,0.7326956483305226,False
win_rate_s,streak,0.035861138700961886,0.34687519396047484,0.10738335999948304,0.005907351508351497,0.7326956483305226,False
d_td_def,d_adj_slpm,0.036163837933633355,0.3480304329569982,0.006967582322347828,0.8423432639659573,0.7326956483305226,False
n_fights,streak,-0.033231666881487654,0.35085838856092677,0.004017239650713,0.906495668183156,0.7332363832366628,False
late_early_ratio,c_kd_abs15,0.047641085149680615,0.3519725168117892,0.039192631288615824,0.3445830770779431,0.7332363832366628,False
d_td15,age,-0.03820136430696335,0.35304865730836243,-0.017428719265514137,0.6692101538044439,0.7332363832366628,False
d_td_def,reach,0.03954477811112759,0.35317552459232593,0.061418501175992714,0.1193401956090843,0.7332363832366628,False
d_adj_slpm,streak,0.03512591640814937,0.35501433491533574,0.056777340820584055,0.1082271286268357,0.7344290534469194,False
c_slpm_minus_sapm,dec_margin_avg,0.05742512434185054,0.3561980909217559,0.10053666729433566,0.05477635225481872,0.7344290534469194,False
d_adj_slpm,reach,-0.03588891030553877,0.3590069378115439,-0.03316415709733643,0.3820690145271546,0.7376854886538574,False
streak,d_sig_def,-0.034484221435139795,0.36169339335412665,0.04926854722904336,0.19568916877521272,0.7406690648889965,False
d_td15,elo_tuned,-0.034140217946998806,0.3670756747878714,0.06641730252953261,0.08354452330367765,0.7491340301793294,False
ko_loss_rate,reach,-0.041083273772394874,0.3691501845111972,0.006132707723657273,0.8866342336186044,0.7508139345990452,False
d_ctrl_share,streak,-0.02940288335364575,0.371059193324349,0.05927127058368037,0.08593433298199459,0.7519204474338412,False
sub_win_rate,d_adj_td,-0.04391641557974952,0.3736954848944777,0.028366157956623405,0.5123938914250055,0.7519204474338412,False
selo_strike,d_td_def,-0.036631852457973804,0.37386691614822254,0.046994977996705475,0.23242023895038172,0.7519204474338412,False
reach,c_kd_abs15,-0.03385805238786029,0.3748453685431058,-0.07080802002634753,0.03769692119456319,0.7519204474338412,False
d_td15,streak,-0.02997789973138508,0.3761157034378957,0.07869184256911685,0.026369543788060366,0.7519204474338412,False
d_adj_sapm,late_early_ratio,0.05233141690675592,0.37810047901934574,0.009878864384997164,0.8228989591297088,0.7519204474338412,False
dec_margin_avg,selo_strike,0.05219703604170338,0.3784666252083667,0.11553754062555714,0.018600215279810813,0.7519204474338412,False
d_sig_share,d_ctrl_share,0.0340092274764084,0.3808462036527397,-0.0116918976578053,0.7518423261411067,0.752703027577522,False
d_sig_share,age,-0.035553915811807627,0.3813695339726112,0.022732347828771034,0.5651815822484302,0.752703027577522,False
sub_win_rate,d_td15,-0.04367072220863549,0.38965416755352056,0.04412527145548388,0.31940729241563787,0.7665327886298765,False
d_td15,selo_strike,-0.027482900069234546,0.39275329439086903,0.07245089571021855,0.03890222572887084,0.7693763223112738,False
c_kd_abs15,win_rate_s,-0.03232626883053797,0.39366421824926845,-0.0029385611014281147,0.9366243726956096,0.7693763223112738,False
win_rate_s,ko_loss_rate,0.0399914991290905,0.3969683781676404,-0.024082191312516592,0.5490951578126488,0.7717697228418182,False
d_sig_def,dec_margin_avg,-0.050868850936092024,0.3974614072635364,0.04309605947397545,0.37905218901474,0.7717697228418182,False
streak,c_kd_abs15,0.03381795612656851,0.4016571418471626,3.308477768577158e-05,0.9993330583357292,0.7774009197041857,False
glicko,reach,-0.03788438744446378,0.4037420021137642,0.010936795868414149,0.780579696691651,0.778923476746812,False
height,late_early_ratio,-0.044224186352362985,0.40647977599045204,0.04528175444835967,0.32403448693136877,0.7816918769047155,False
d_sig_share,d_adj_sapm,-0.031042537909376722,0.4090385434255903,-0.0007656034480602479,0.9839803096115021,0.7840994442663074,False
glicko,days_since_last,0.030948824833372014,0.4123393799081526,-0.11558463435978479,0.0003642963401495271,0.7879096431365974,False
c_slpm_minus_sapm,reach,-0.032004615478890594,0.4174255893727957,0.003545424093363306,0.9242920022768373,0.7891911920983784,False
c_kd_abs15,glicko,-0.03273107986331974,0.4186343979737591,0.008088539285814026,0.8307952740113557,0.7891911920983784,False
c_slpm_minus_sapm,d_sig_share,0.02926182447111348,0.41983098367617366,0.07442779431953188,0.03572772781269795,0.7891911920983784,False
selo_strike,days_since_last,0.031673984141033146,0.4206652425542151,-0.02155669726689628,0.6206687716339376,0.7891911920983784,False
sub_win_rate,c_kd15,0.041226518173563494,0.42113024863113313,-0.05490634910563612,0.25047312991694576,0.7891911920983784,False
dec_margin_avg,win_rate_s,0.051025581299988,0.4218039076379714,0.10367017500698489,0.03624732516259837,0.7891911920983784,False
height,selo_strike,0.03486881663526254,0.4231244641478581,0.02969557673640901,0.42266526796949944,0.7891911920983784,False
streak,d_td_def,-0.028112211467408797,0.4235326064261298,0.11653164024954372,0.0020249252162631943,0.7891911920983784,False
d_adj_td,height,-0.03413497213188028,0.42566328446126667,0.00993068368872366,0.7877853279706829,0.7907057915689164,False
sub_win_rate,d_sig_share,-0.041435907290952,0.4275927684531238,-0.014934258905491337,0.7333571422867047,0.7918384600983774,False
late_early_ratio,c_slpm_minus_sapm,0.046880416234636756,0.4296976961474084,-0.030469482147259995,0.5271252223008207,0.7932880544259847,False
reach,n_fights,0.03253079779938648,0.43205748582867853,0.028697914577618607,0.4481209695009203,0.7941808030022968,False
d_adj_slpm,d_sig_share,0.030700519402761604,0.43282853763625173,-0.019878494733675225,0.6053441073281602,0.7941808030022968,False
elo_tuned,streak,0.02809564856040651,0.4350182523814673,0.0870912730434818,0.014067317306863794,0.7951293882096617,False
streak,d_td15,0.027646646964523736,0.4364590797320165,0.00969621231249445,0.7610591560473323,0.7951293882096617,False
win_rate_s,dec_margin_avg,-0.05123921257367745,0.4373211635153139,0.10160491394737887,0.04991930611510268,0.7951293882096617,False
c_kd15,c_slpm_minus_sapm,0.02920915075532014,0.4401537035926889,-0.057320492901212605,0.12116929957999993,0.7978616983553273,False
elo_tuned,c_kd15,-0.0285950819724924,0.4437098734400222,-0.03461318214941624,0.39477676754241564,0.8010061156401311,False
c_kd15,n_fights,0.0307212849098232,0.44605551497810714,-0.09915782938229731,0.0110118554091432,0.8010061156401311,False
d_sig_share,ko_loss_rate,-0.035270387841262615,0.4473974979773011,0.011190494741099873,0.7914521732192411,0.8010061156401311,False
late_early_ratio,height,0.04573252064504035,0.44921234544457733,-0.0374183830205588,0.42032858395956374,0.8010061156401311,False
ko_loss_rate,d_ctrl_share,-0.040562192327615314,0.4494398000846386,0.004709575912888219,0.9205745550534907,0.8010061156401311,False
dec_margin_avg,d_adj_slpm,0.0480195667575361,0.44989843495120696,0.05799272136149838,0.25182069497673887,0.8010061156401311,False
d_sig_def,elo_tuned,0.029130608096912588,0.4541797014532786,0.03795343758025811,0.32656272199085745,0.8062361564259384,False
sub_win_rate,selo_strike,-0.03839697683887329,0.4744825392183739,0.00779848166199781,0.8630435717217951,0.839222455869398,False
d_sig_def,d_adj_td,0.026229093340605112,0.47558718418350887,0.02438230111967413,0.5356709431546687,0.839222455869398,False
reach,d_adj_td,0.0279409164292379,0.4771571207852161,-0.02081860983416595,0.5626951670056213,0.839222455869398,False
age,glicko,-0.02766871726905239,0.4783567998455569,0.00982084326090805,0.8012986705361579,0.839222455869398,False
age,elo_tuned,-0.02748664539148828,0.48355157525797876,0.007121380001265145,0.8567862478528769,0.8458628138623535,False
c_kd_abs15,d_td_def,0.02789302926123074,0.487015191713315,0.019064660504302007,0.6374485319809989,0.8462182101927896,False
streak,win_rate_s,-0.0261074494279907,0.4888331432693691,0.09678792428764353,0.01668725016485327,0.8462182101927896,False
sub_win_rate,d_adj_slpm,-0.03652209903444741,0.48931589546754006,-0.012226522153625564,0.775788582032851,0.8462182101927896,False
age,d_sig_share,0.02783601738952175,0.4893961982281634,-0.008879261985350792,0.8233105881294245,0.8462182101927896,False
ko_loss_rate,selo_strike,-0.039306303776852174,0.4922873263091787,0.020006957490783475,0.6703793379215053,0.8487712522572047,False
age,c_kd_abs15,0.025442119003384795,0.49779968144088227,0.022444914290287287,0.5792667758712639,0.8555358662898331,False
n_fights,d_sig_share,-0.02765790329924693,0.5007242422789924,-0.007229198348239058,0.8533034871829963,0.8555358662898331,False
d_sig_def,c_kd_abs15,0.025557420744912348,0.5022384183318578,0.042048723639169804,0.2771183623520862,0.8555358662898331,False
d_adj_td,streak,-0.023507679425222493,0.5041072892325131,0.07349555279350023,0.04101669860280156,0.8555358662898331,False
d_sig_share,dec_margin_avg,0.0423759282634099,0.5042640939762049,0.084940924253491,0.09925849141405216,0.8555358662898331,False
age,n_fights,-0.026540506608903863,0.5047709351885199,0.003730319862605854,0.9245258198556235,0.8555358662898331,False
c_kd15,d_sig_share,0.026127971334904493,0.5061920542214846,-0.05433283445130629,0.13207492186281777,0.8555358662898331,False
d_sig_def,d_td15,0.024427753645242942,0.5122036786700035,0.007056275152805266,0.8591432072452281,0.8632646269719161,False
days_since_last,ko_loss_rate,0.030752482400385688,0.5152826641591732,0.04568099100195958,0.2628068226277709,0.8660212843011315,False
d_sig_def,glicko,0.025325124999008367,0.5172989483231611,0.032299161192043804,0.39935108048780477,0.8669814776365828,False
d_sig_share,c_kd15,0.023526851335834934,0.5210471329311213,0.028638691713054675,0.466255975477615,0.8695805483971729,False
d_sig_def,ko_loss_rate,0.029750383350102952,0.5217483290383038,0.038875777135575884,0.37374012563136483,0.8695805483971729,False
ko_loss_rate,age,-0.029973223791331105,0.523621822236439,-0.058698055921938205,0.19075852702026508,0.8702855771242755,False
d_sig_share,n_fights,0.02801178597911187,0.5251014269600187,0.04792656378662642,0.23946573739736088,0.87033385683981,False
selo_strike,streak,0.021170457884709473,0.5280358846283139,0.04777323209484382,0.1292458518804026,0.8714218099114608,False
d_ctrl_share,c_kd_abs15,0.024873349865821556,0.5304527599093182,-0.03029299159206397,0.4404943427493172,0.8714218099114608,False
d_adj_slpm,late_early_ratio,-0.031845023931856765,0.5327144194516571,0.00014100656471881668,0.9975507581697428,0.8714218099114608,False
late_early_ratio,d_sig_share,0.034643609976019694,0.5341478347499331,-0.021547493358218765,0.653779221107865,0.8714218099114608,False
d_td15,late_early_ratio,0.04294074209725631,0.5356862681678903,0.0026765212137445284,0.9604154466437426,0.8714218099114608,False
dec_margin_avg,c_kd15,-0.034841668531298796,0.5358309455243369,0.04539619378262319,0.3513619601120225,0.8714218099114608,False
elo_tuned,height,-0.027796835260102033,0.5359244130955484,0.01150469637379176,0.7716794713771604,0.8714218099114608,False
reach,d_ctrl_share,0.025049862345633726,0.5412897531883831,-0.009547378203230095,0.7970127740158606,0.8752379181009067,False
d_adj_td,n_fights,-0.025333826736122524,0.5419937102249672,0.05063284104554764,0.23555308412214326,0.8752379181009067,False
selo_strike,glicko,-0.02412700361727339,0.5450402717931111,-0.07893274154089437,0.04322345309275747,0.8752379181009067,False
glicko,height,-0.027262870117349045,0.5466585209266053,-0.0027669779394801104,0.9440012002293191,0.8752379181009067,False
reach,d_td15,0.023911366759858024,0.5468431618515274,-0.02321331058132729,0.5144815682027435,0.8752379181009067,False
c_kd_abs15,c_slpm_minus_sapm,-0.022594647751120172,0.5470236988130667,0.004878410464164403,0.8974056483762554,0.8752379181009067,False
c_kd_abs15,dec_margin_avg,-0.03683651177713456,0.5520036039172966,0.010385867938770164,0.8427523029582135,0.8808568147616436,False
n_fights,ko_loss_rate,-0.029621537832848665,0.5561315180337982,-0.017167015672075552,0.720337626031581,0.8843752548138277,False
streak,late_early_ratio,-0.04263477800715224,0.5593493506727829,0.029211511016757147,0.6431667302872563,0.8843752548138277,False
elo_tuned,reach,-0.02606668102661726,0.5614572613720101,0.02235165814960911,0.5691535467559756,0.8843752548138277,False
ko_loss_rate,sub_win_rate,0.03044000060197821,0.5628269108633863,-0.013159741334684727,0.7882282984240979,0.8843752548138277,False
d_adj_slpm,days_since_last,0.031430335293710074,0.5662361504142255,-0.09750211463800436,0.06690625406028611,0.8843752548138277,False
dec_margin_avg,c_slpm_minus_sapm,-0.03457663735279224,0.5680079025545419,0.09425247860117218,0.06045192114776908,0.8843752548138277,False
c_kd15,d_td15,-0.021322728072239977,0.5689071013179684,-0.04826176545348569,0.21160988950361992,0.8843752548138277,False
d_ctrl_share,d_sig_def,-0.02050473141735501,0.5693343150332019,0.010258484312033567,0.7874523061785799,0.8843752548138277,False
d_td_def,c_kd_abs15,-0.023436747640477304,0.5705773288345228,-0.0015989193142833477,0.9672613993270373,0.8843752548138277,False
d_ctrl_share,height,0.024220549291176285,0.5730503042593018,0.025368270109988794,0.511511818738786,0.8843752548138277,False
sub_win_rate,ko_loss_rate,0.028876320745855506,0.5732318346403933,-0.016834812216701644,0.7193806131393459,0.8843752548138277,False
d_adj_sapm,ko_loss_rate,-0.02864127139266125,0.5741321775176547,0.018602028528550217,0.6545084625974709,0.8843752548138277,False
d_adj_sapm,d_td_def,0.021261544811469114,0.5750020682493417,-0.023676570821501142,0.525510951550709,0.8843752548138277,False
dec_margin_avg,height,0.03588742724356243,0.5766497150657357,0.0651980569912621,0.18124076808974282,0.8843752548138277,False
c_slpm_minus_sapm,late_early_ratio,-0.0331679359343724,0.5770116974363371,0.003819767816992889,0.9217048315790521,0.8843752548138277,False
win_rate_s,d_sig_def,-0.02285414552604202,0.5790634908833325,0.006270877743376028,0.8681527229115679,0.8843752548138277,False
d_td15,d_sig_def,-0.020868408346835506,0.5799154555352222,0.004482579856370303,0.9089466082530473,0.8843752548138277,False
d_ctrl_share,win_rate_s,-0.02213298965029378,0.581878287505652,0.06230725325181043,0.11223484404351051,0.8843752548138277,False
d_sig_def,late_early_ratio,0.031562167137582274,0.5831248604862487,-0.03356326864007191,0.4446791130945913,0.8843752548138277,False
late_early_ratio,ko_loss_rate,0.03248274632098248,0.586130519592675,0.028451196991117075,0.4354587116857651,0.8843752548138277,False
ko_loss_rate,d_sig_def,0.02703584267708813,0.5871262713981764,-0.04425692254559014,0.2992373928749631,0.8843752548138277,False
ko_loss_rate,elo_tuned,-0.028534703642651642,0.5881638491495219,0.017685839690251493,0.6786280165057068,0.8843752548138277,False
days_since_last,streak,0.0359741488611652,0.5882747983563932,-0.04636283238162869,0.2930062153340238,0.8843752548138277,False
late_early_ratio,reach,0.033184356039670425,0.5904327843843121,-0.017271897790072394,0.7051054511939874,0.8843752548138277,False
d_td15,win_rate_s,-0.02180231258671858,0.5935998171618186,0.07170476041486601,0.07335810051301071,0.8843752548138277,False
days_since_last,sub_win_rate,0.022946087733486345,0.5973832386728184,-0.042750938344345464,0.29846499273964777,0.8843752548138277,False
sub_win_rate,d_ctrl_share,0.02574871140162058,0.5977082672712184,0.06574347100345293,0.12757115146513387,0.8843752548138277,False
c_kd_abs15,n_fights,0.0247762259172724,0.5984451819731089,-0.042781126178996425,0.30577163473654023,0.8843752548138277,False
reach,ko_loss_rate,-0.024881296622836092,0.5986688409926928,-0.058352933005334326,0.13600913274324233,0.8843752548138277,False
elo_tuned,d_sig_def,-0.02202782348417777,0.5997668897668488,0.029046468592697147,0.4550592605140428,0.8843752548138277,False
n_fights,late_early_ratio,-0.042312690702980243,0.6019952417671646,-0.1205779705024952,0.021420566645583623,0.8843752548138277,False
selo_strike,elo_tuned,-0.020472118397042965,0.6027090632393479,-0.06593352266677088,0.07992857900025378,0.8843752548138277,False
d_sig_share,reach,0.021409921110791746,0.602849132031426,0.014895640760352767,0.7026469687105182,0.8843752548138277,False
c_slpm_minus_sapm,d_adj_slpm,-0.019803433152595317,0.6069358346804563,0.010369167803608442,0.7750912634450386,0.8855063847345155,False
ko_loss_rate,streak,-0.02951463676796149,0.6076067087181638,0.007936986370740438,0.8731078744664666,0.8855063847345155,False
streak,d_adj_sapm,0.01857799045792654,0.6080477175177006,-0.03317239233865865,0.3422328337224084,0.8855063847345155,False
streak,d_adj_slpm,0.01823788838117667,0.6107941278850799,0.032450006162342025,0.3243455873786447,0.8873522439008426,False
d_td15,height,-0.021776861094066575,0.61245202934019,0.01638441126682615,0.652533832526698,0.8876116367249132,False
d_ctrl_share,glicko,-0.018286133834345596,0.6184450425899097,0.07981606827970633,0.03722605683296629,0.8941374109733634,False
dec_margin_avg,n_fights,0.03103885671162083,0.6217941150033733,0.11897507285910557,0.02794102519205248,0.8952961154525426,False
reach,late_early_ratio,-0.02961626414876212,0.6222308002395172,0.0820228175281223,0.07564464886485911,0.8952961154525426,False
selo_strike,sub_win_rate,0.02599279294351895,0.6282295968965289,-0.08207716098204741,0.07224958678056508,0.901570459375289,False
late_early_ratio,selo_strike,0.03843523273171313,0.6305544206522138,-0.03372304183816551,0.5219328144003728,0.901570459375289,False
sub_win_rate,d_adj_sapm,0.024420676049565535,0.6310993215627023,-0.003042397339835095,0.946944649650264,0.901570459375289,False
reach,days_since_last,-0.025369336159750323,0.6375289465530276,0.011126821808911313,0.793696652199017,0.9071118211513721,False
d_adj_td,age,-0.019425425918712047,0.638001980876465,0.006986180809801248,0.8633748531850447,0.9071118211513721,False
c_kd_abs15,d_adj_slpm,0.01821298668355322,0.6419094060469219,0.012674118989852193,0.761771009629256,0.9105097958112368,False
age,late_early_ratio,0.025705036785129063,0.648599495066555,-0.15507340376173098,0.002717325162773857,0.9162596811271979,False
streak,height,0.019378126479224617,0.6490172741317652,0.021723950008732677,0.566671326436962,0.9162596811271979,False
dec_margin_avg,d_adj_sapm,0.029088457411818047,0.6522174194141915,-0.050066274127430414,0.29669506762524245,0.9186160836819598,False
d_ctrl_share,elo_tuned,-0.016365025681738476,0.6561504293974554,0.08120217924179411,0.032097710716846965,0.9202785845334437,False
d_adj_slpm,ko_loss_rate,-0.022773865544774986,0.6570226464208371,-0.005292152292619452,0.9053605192282348,0.9202785845334437,False
d_adj_td,c_kd_abs15,-0.019092902595994304,0.6584145284239951,-0.0894266338165637,0.024553179701455596,0.9202785845334437,False
age,d_adj_slpm,-0.01833387894997442,0.6598356564354704,-0.016647487277357525,0.6815023445859788,0.9202785845334437,False
c_kd_abs15,sub_win_rate,-0.022890227063427426,0.6610667832231903,-0.08912247965856265,0.042662338981002794,0.9202785845334437,False
d_td15,reach,0.018223919423646578,0.6705664246896079,0.015346762834257607,0.6680748605098142,0.9313422565133443,False
elo_tuned,ko_loss_rate,0.020506269540067835,0.67469851084763,-0.030664468726697567,0.44714586542879464,0.9341599990503034,False
c_slpm_minus_sapm,sub_win_rate,0.022645092625798464,0.6779979188117871,-0.08272897708148691,0.0631716188712412,0.9341599990503034,False
win_rate_s,c_slpm_minus_sapm,0.017195401356523022,0.6787949351206641,0.07928222616175104,0.04187614999741923,0.9341599990503034,False
c_kd_abs15,height,0.015449664182290407,0.6788229326432206,-0.021783969712707796,0.5927620484373006,0.9341599990503034,False
n_fights,days_since_last,-0.013164639943132455,0.6807989611589943,-0.1168826284352029,0.021991923656778684,0.9347354157789396,False
elo_tuned,d_sig_share,0.016598300101879543,0.683367059028475,0.06020627370690341,0.12089829194008878,0.9351817096034069,False
d_sig_def,d_adj_sapm,-0.014606872240205555,0.68488830064581,-0.03845507941580681,0.30854231604016763,0.9351817096034069,False
c_kd15,c_kd_abs15,0.01418782801400871,0.6883347849828956,-0.021966032233243643,0.5774166027802534,0.9351817096034069,False
d_td15,d_sig_share,-0.015116668282526986,0.6906892128211404,0.10925103629750163,0.005013346016902953,0.9351817096034069,False
days_since_last,c_slpm_minus_sapm,-0.02651524475091382,0.6912986130448664,-0.042558543832052965,0.3514383866100723,0.9351817096034069,False
selo_strike,c_kd_abs15,-0.01565350681557537,0.6930771020243639,-0.040415905293016086,0.2839982005685291,0.9351817096034069,False
d_adj_td,d_adj_slpm,0.01496963041484199,0.6933090269042059,0.00944389286112182,0.8020539968999314,0.9351817096034069,False
d_adj_sapm,d_adj_slpm,-0.014060319220836268,0.6957432728250341,0.041335664757393475,0.21124854506833718,0.9351817096034069,False
ko_loss_rate,glicko,-0.020312272187162594,0.6958713933884386,0.014224626003265529,0.7265995697928445,0.9351817096034069,False
glicko,d_adj_slpm,0.016657182566920847,0.6969480104619221,-0.025024894602187858,0.5123734543039967,0.9351817096034069,False
age,d_td_def,-0.015529927049654042,0.6982690098372104,-0.005366769454114114,0.8933785555944429,0.9351817096034069,False
d_ctrl_share,d_adj_slpm,0.013425649071439909,0.7016525750055835,0.02974042503702838,0.40512863015257305,0.9376203674907575,False
ko_loss_rate,late_early_ratio,-0.02190935514397164,0.7076572152046561,-0.08193688836343847,0.08263993117507533,0.9401219208497766,False
d_ctrl_share,c_slpm_minus_sapm,-0.012949136536426247,0.7089732598715599,0.07545842229822021,0.03839966692226057,0.9401219208497766,False
dec_margin_avg,ko_loss_rate,-0.021713724706201153,0.7113234765206635,-0.001285539086519524,0.977583226055474,0.9401219208497766,False
streak,c_slpm_minus_sapm,-0.0120430482809296,0.7146022444098009,0.09133459580184568,0.014690159378527301,0.9401219208497766,False
d_ctrl_share,d_sig_share,-0.013140989922105616,0.715251918816436,0.09714333899416334,0.00726450071148745,0.9401219208497766,False
sub_win_rate,c_kd_abs15,0.017365092406523744,0.7152635953026562,-0.07617079687769412,0.11622262135224576,0.9401219208497766,False
d_td15,c_slpm_minus_sapm,-0.013673012626484895,0.7158524678013957,0.06890660169801495,0.0718026532083168,0.9401219208497766,False
height,d_ctrl_share,-0.01566707903751057,0.7162109831466863,-0.05628402621490605,0.14367826254032331,0.9401219208497766,False
height,sub_win_rate,-0.017175996864771097,0.7181102651515467,-0.015618008793388531,0.7240903501621219,0.9401219208497766,False
d_adj_sapm,c_kd15,0.014422012743028319,0.7198751701349124,0.011712173137260645,0.7561697008562906,0.9401219208497766,False
elo_tuned,c_slpm_minus_sapm,0.01482315259787638,0.7209082426381581,0.0590167551662017,0.13292843273541102,0.9401219208497766,False
selo_strike,d_adj_sapm,-0.01456345101359512,0.722327009186245,0.017543452124224146,0.6395802113344361,0.9401219208497766,False
age,win_rate_s,-0.01401466942243565,0.7247329835032654,0.0032907362985873704,0.9345583771936512,0.9412116668873577,False
height,c_slpm_minus_sapm,0.01282637278428799,0.7299790425621265,0.05689290738808592,0.10776739585637411,0.9427617760128866,False
c_slpm_minus_sapm,d_sig_def,0.013348990381858111,0.730490443471297,0.04725875697787606,0.18904184453358056,0.9427617760128866,False
late_early_ratio,d_ctrl_share,0.021125971671355794,0.7306403764099871,-0.08520603261093265,0.11823075570206427,0.9427617760128866,False
win_rate_s,d_sig_share,0.01372740236558329,0.734132462007874,0.07003848142601252,0.0699603273428855,0.9452349296238721,False
height,n_fights,-0.014345766538032979,0.7370738169652071,-0.003568998440534629,0.921437576639705,0.9460079116436341,False
glicko,c_kd15,-0.012045604057614472,0.7381890596167828,-0.05203312944168736,0.20349425674859611,0.9460079116436341,False
d_adj_td,d_sig_share,-0.012198588427551216,0.7433974119785716,0.10870691837134269,0.004605666000410208,0.9460079116436341,False
sub_win_rate,height,-0.01677882154398974,0.744610864473338,-0.022920358605611535,0.5979832038883058,0.9460079116436341,False
late_early_ratio,d_td15,0.021987002403284626,0.7483463844249048,-0.061795589817606515,0.29120255378077464,0.9460079116436341,False
d_ctrl_share,selo_strike,-0.00955227148414939,0.74913830519369,0.09703015554016374,0.00520007520517586,0.9460079116436341,False
height,days_since_last,-0.016280126810216733,0.751391202187117,-0.03402323507684775,0.47159730732346594,0.9460079116436341,False
selo_strike,d_sig_def,-0.012720971301380727,0.7514512861942827,0.01620522806429078,0.666308400808098,0.9460079116436341,False
d_td15,d_adj_sapm,0.011795105348793588,0.7517995276410906,-0.07856418317806003,0.03321222437334758,0.9460079116436341,False
d_sig_def,c_kd15,-0.012425130632564911,0.7539868026095222,0.01715074182482531,0.642301487567533,0.9460079116436341,False
dec_margin_avg,age,-0.01801449447526958,0.7544286327058001,-0.02052670155002878,0.6852449607542801,0.9460079116436341,False
c_kd_abs15,reach,0.01225949186001698,0.7548399562520738,-0.008582341158919897,0.8345638803734577,0.9460079116436341,False
streak,glicko,-0.009779155615385612,0.7571457648394417,0.05218528318648745,0.15240106605506168,0.9460079116436341,False
reach,sub_win_rate,0.014360725492457106,0.757825365520222,-0.017714484923211024,0.6833044667798915,0.9460079116436341,False
d_sig_share,height,0.012884777288896943,0.7591535306805675,0.010701749078556443,0.7847635516729592,0.9460079116436341,False
d_ctrl_share,ko_loss_rate,0.015404137473942928,0.759959689020386,-0.0005607503053028419,0.9902048901755803,0.9460079116436341,False
height,age,0.011667674404239978,0.764922699935219,-0.019722297811027457,0.6095270054246684,0.949886935525718,False
dec_margin_avg,reach,0.01892808936156993,0.7662421279907459,0.04330628694834484,0.37078830104967453,0.949886935525718,False
dec_margin_avg,d_sig_def,0.018147580219981318,0.7680863570765536,0.023092846628443332,0.6286593356710697,0.9502099262802725,False
d_sig_share,c_kd_abs15,-0.010508362999206999,0.7696983704642228,-0.012264952244217042,0.7560659028242918,0.9502449018076825,False
streak,reach,0.01198023127416093,0.7760071500697411,0.012450090506195846,0.7355058218629659,0.9560663039873607,False
late_early_ratio,d_adj_td,0.0180850580875965,0.7816344751274301,-0.08492326159591052,0.1408160388899413,0.96037937320568,False
dec_margin_avg,d_sig_share,-0.016194023345136605,0.7865798945647717,0.13135424399485493,0.008014551075729211,0.96037937320568,False
c_kd15,sub_win_rate,0.01383578868311501,0.7887997066092534,-0.05100702616472705,0.2633940146372422,0.96037937320568,False
d_adj_slpm,d_td_def,0.010149443518166922,0.7893155416462645,0.04359823174068802,0.24059787062850732,0.96037937320568,False
win_rate_s,c_kd15,0.01028646168954618,0.7921412292159182,-0.005227866920250744,0.8958491027602409,0.96037937320568,False
days_since_last,c_kd_abs15,0.013471181867854704,0.7925586580422732,0.013729177086800312,0.6794865328613277,0.96037937320568,False
ko_loss_rate,n_fights,-0.014817944331860015,0.7944800482704042,-0.0004721205953170571,0.992359771654896,0.96037937320568,False
ko_loss_rate,d_adj_sapm,0.013166324703526541,0.7953357514134269,-0.00740382141825688,0.8619720842924794,0.96037937320568,False
age,selo_strike,-0.009747336224661195,0.7954302645581791,0.007969257669295285,0.8384852433724527,0.96037937320568,False
d_sig_def,reach,-0.010087897502777042,0.7995174889951417,0.003275468254201569,0.9281282145900737,0.96037937320568,False
n_fights,c_kd_abs15,0.010365058067684308,0.8000531451506434,0.008986484772426565,0.8214892299722123,0.96037937320568,False
late_early_ratio,c_kd15,-0.015482117330101639,0.8047457101437734,0.05885015577630838,0.27652399312242315,0.96037937320568,False
d_adj_td,glicko,-0.009524901106517348,0.8064570273815401,0.06762211125581971,0.08081703111230609,0.96037937320568,False
age,d_sig_def,-0.010017413438075523,0.8065041980171938,0.027331683161030698,0.4851629850195194,0.96037937320568,False
days_since_last,dec_margin_avg,-0.016951971531475825,0.8066279539449377,-0.03440911030096186,0.4004266918599815,0.96037937320568,False
d_ctrl_share,d_adj_sapm,0.009056986201136463,0.8083676836516455,-0.061257148670163276,0.09249571767602463,0.96037937320568,False
streak,elo_tuned,-0.007735221742990945,0.8090134573716665,0.059538415160089474,0.08061474293251983,0.96037937320568,False
d_sig_share,d_sig_def,0.009109208936256849,0.8092778420314076,0.055416206870673085,0.12754843262852392,0.96037937320568,False
win_rate_s,sub_win_rate,0.01250658449672383,0.8099199380701234,0.05851042630537291,0.19154301555642408,0.96037937320568,False
c_kd15,d_adj_td,-0.008891671634925234,0.8134608578874611,-0.051644711248360994,0.18253386576326147,0.96189566071316,False
age,c_slpm_minus_sapm,0.009650151513906458,0.8144049927371422,0.005228236983865798,0.8949723753686444,0.96189566071316,False
win_rate_s,age,-0.00988157226321499,0.817121182539073,0.0646063379377837,0.11492343372924307,0.9621946450747708,False
c_kd15,d_sig_def,0.00871299787967395,0.8178654483135552,0.013470963783253213,0.7172290858662123,0.9621946450747708,False
d_sig_def,height,0.009215787727765027,0.8224097323569189,0.024672226829027283,0.5001283068604538,0.9656474352527423,False
d_ctrl_share,sub_win_rate,0.01064124873284409,0.8298164009260305,0.003920078242325282,0.9242661791123704,0.9696943073143989,False
c_kd15,late_early_ratio,0.014314150489682735,0.8298335646967316,-0.01933576366264853,0.6910840335194857,0.9696943073143989,False
d_adj_td,late_early_ratio,0.012312832789904414,0.8314323263387227,-0.009804577470298233,0.846591791439437,0.9696943073143989,False
streak,c_kd15,0.0060301447440307965,0.8323209471115257,-0.003973521911382011,0.9100651495718877,0.9696943073143989,False
streak,selo_strike,-0.005465366346952001,0.8347596748178603,0.05951519635288029,0.048300619669520525,0.9706507846719306,False
d_sig_share,d_td_def,0.008422623069053413,0.8382652446069264,0.0947568887256912,0.01655949088347108,0.972112498156122,False
age,d_ctrl_share,-0.008191697735380645,0.8425761878518414,-0.003673016362215756,0.9237252711904884,0.972112498156122,False
glicko,late_early_ratio,0.011174179859702456,0.8451690121671654,-0.023541548685909998,0.6438306328508373,0.972112498156122,False
selo_strike,d_sig_share,-0.00803323157960361,0.8461750482650391,0.03196207154391177,0.413515142354979,0.972112498156122,False
win_rate_s,n_fights,0.008939138822439779,0.8478050507684496,0.11438260520235036,0.01296631009912476,0.972112498156122,False
elo_tuned,dec_margin_avg,-0.012018207850732302,0.8482509454476785,0.08212913359380031,0.11082320520727576,0.972112498156122,False
win_rate_s,late_early_ratio,0.010563719966805569,0.8488242268112117,0.028836153114763084,0.5571338788487623,0.972112498156122,False
d_sig_def,age,-0.007887316930359134,0.8497054040423828,-0.02906658237252261,0.45451522310137493,0.972112498156122,False
win_rate_s,height,-0.008098596153784646,0.8505984358866068,0.03597706236326586,0.3639169499605954,0.972112498156122,False
c_kd_abs15,late_early_ratio,0.01163400359546969,0.8644478121175669,0.02872284765193929,0.4830337808805615,0.9797120716983458,False
d_adj_td,c_slpm_minus_sapm,-0.006052558966586641,0.871579425911366,0.06706590244193318,0.079665348490962,0.9797120716983458,False
late_early_ratio,days_since_last,0.01512097457235283,0.8729242041118944,-0.05392763875920139,0.2845735242517039,0.9797120716983458,False
ko_loss_rate,win_rate_s,-0.008101411539189907,0.8729250638071544,0.010438090442134569,0.7973627332508075,0.9797120716983458,False
height,d_adj_td,-0.006702513059874659,0.8732308825652949,-0.04867876819936934,0.19964953916158984,0.9797120716983458,False
glicko,age,0.006703504661135362,0.874113195810412,0.0057431837412916156,0.884501200616362,0.9797120716983458,False
height,d_td15,-0.006541618235678602,0.874244367763273,-0.059997391123199066,0.109160206170612,0.9797120716983458,False
selo_strike,c_slpm_minus_sapm,-0.0063735675914207025,0.8743263228650657,0.01585122896928028,0.6842823927240027,0.9797120716983458,False
d_adj_td,win_rate_s,-0.006223876725538791,0.876095085267748,0.07225995706760754,0.06434510560088501,0.9797120716983458,False
d_ctrl_share,late_early_ratio,0.00937175698149226,0.8773756291673539,0.006271112055038462,0.9038034168400431,0.9797120716983458,False
d_adj_td,sub_win_rate,-0.007784345810618825,0.8800308715460188,0.025944652627843005,0.5335896222417342,0.9797120716983458,False
d_sig_def,c_slpm_minus_sapm,-0.005485483231203034,0.881508274805985,0.03621734690999002,0.30332448341895624,0.9797120716983458,False
d_sig_share,sub_win_rate,-0.007508012875986257,0.8825724084854699,-0.09803788651643255,0.024022379515196163,0.9797120716983458,False
selo_strike,win_rate_s,0.006462091060356504,0.8833074346793386,-0.015276494117825638,0.7155247181332984,0.9797120716983458,False
glicko,dec_margin_avg,0.008913097679335989,0.8867704425765784,0.0632927090485721,0.20875647141937162,0.9797120716983458,False
reach,age,-0.005529595133748028,0.8882455611752268,0.005843775045056338,0.8746928638056426,0.9797120716983458,False
d_adj_slpm,n_fights,0.005818963367114278,0.8889618214645504,0.0191353884824913,0.6293034961766384,0.9797120716983458,False
d_adj_td,d_adj_sapm,0.005109346514680484,0.8901709677992441,-0.08350815952641638,0.02435923721939104,0.9797120716983458,False
win_rate_s,d_adj_slpm,0.005871421837778638,0.8908455002516045,0.018516354673236583,0.620014402124472,0.9797120716983458,False
c_kd_abs15,d_sig_def,-0.005193561935218593,0.8927166580729955,-0.0004202682905528087,0.9912290547345097,0.9797120716983458,False
d_sig_def,win_rate_s,0.0049612872186874536,0.8952467598596452,0.036418674958664715,0.328645832043252,0.9797120716983458,False
glicko,d_sig_def,0.005583407385313976,0.8952957747263262,0.027145583471638656,0.48530890238823465,0.9797120716983458,False
sub_win_rate,d_td_def,0.006527804288047485,0.8953534717818107,-0.023017570357699774,0.6053223164423664,0.9797120716983458,False
height,d_adj_slpm,0.004910976134972348,0.8964365456039864,0.04694949460037552,0.18749002819300617,0.9797120716983458,False
c_kd_abs15,age,0.005067580313593794,0.9001972825775019,-0.05512729923649938,0.13907619809659374,0.9814262165695031,False
d_adj_sapm,n_fights,-0.005050421871840303,0.901980502116,-0.02686457096663582,0.47080062473413864,0.9814262165695031,False
c_kd15,d_adj_slpm,-0.004566584351335185,0.9041611526662159,0.01468516891137084,0.6928500317526369,0.9814262165695031,False
ko_loss_rate,c_slpm_minus_sapm,-0.0058634485370017775,0.9045478296048921,-0.014341384690962253,0.7243484076910924,0.9814262165695031,False
win_rate_s,reach,-0.004949569835021686,0.9072067771707781,0.0340832040516725,0.3882568015834039,0.9822179382726524,False
c_kd15,d_ctrl_share,0.004277252760978954,0.9085515929022034,-0.040503566495557225,0.2958730733745897,0.9822179382726524,False
d_td_def,late_early_ratio,0.006132684354438194,0.9155816158658218,0.06601045896163325,0.16223751744621512,0.9831428494894999,False
streak,d_ctrl_share,-0.0036571611217267267,0.9188338934953898,0.01052983349132503,0.750327163766324,0.9831428494894999,False
days_since_last,d_td_def,0.006889885684818027,0.9204134017882986,0.0568602149967233,0.27553890383164814,0.9831428494894999,False
elo_tuned,age,-0.004163468051906731,0.9215597787000773,0.025785447720132318,0.5209344183603715,0.9831428494894999,False
sub_win_rate,reach,-0.004988308001210585,0.9217784565809634,-0.022885580726761494,0.596170976812643,0.9831428494894999,False
ko_loss_rate,dec_margin_avg,0.005319518571172349,0.9220624734677447,0.026402251614736097,0.5804814944545919,0.9831428494894999,False
streak,d_sig_share,-0.003542782041978071,0.922724073435007,0.08927560151864856,0.025863510992252734,0.9831428494894999,False
d_sig_def,d_ctrl_share,0.003663178691865273,0.9234161319232662,0.0037231313903029633,0.9216275388476183,0.9831428494894999,False
d_adj_td,d_sig_def,-0.003599912873776021,0.92415427852013,0.005262394742396708,0.8922469836255347,0.9831428494894999,False
selo_strike,late_early_ratio,0.0071740793370257926,0.9323317554920867,0.025038281349846436,0.6137507582781079,0.9886313141346978,False
streak,sub_win_rate,-0.00402159592961767,0.9326088730003983,-0.00050001103006071,0.9908836481494736,0.9886313141346978,False
c_kd15,ko_loss_rate,-0.0034825224486433703,0.9396929587286952,-0.03956647186415792,0.3812018729361142,0.9910175987061366,False
c_slpm_minus_sapm,c_kd15,-0.002482903955287989,0.9399687721032367,0.029969630654381556,0.4274478121018105,0.9910175987061366,False
c_kd15,d_td_def,0.0025457148256060242,0.94425191938015,0.033257115605597604,0.35342248529663434,0.9910175987061366,False
streak,dec_margin_avg,0.004188950256607144,0.9446375535321534,0.0767721365692589,0.18016849373280652,0.9910175987061366,False
d_td15,d_adj_slpm,0.002567959718815703,0.9450228839485227,0.007172922185124035,0.8471226058346242,0.9910175987061366,False
height,d_adj_sapm,-0.0026130326960514196,0.9473701637205372,-0.007298574392037524,0.8456895059162933,0.9910175987061366,False
d_td_def,age,0.0028754610387234257,0.9478047784448176,-0.042157654583344695,0.2914157039725897,0.9910175987061366,False
glicko,n_fights,-0.0028654477985808856,0.9506124593185566,0.02734833096179073,0.5354503333765666,0.9910175987061366,False
ko_loss_rate,d_td15,0.0034326981529672067,0.9509406167870142,-0.0005233658800516669,0.9912460998378467,0.9910175987061366,False
d_adj_td,elo_tuned,-0.002302166854153678,0.9522500774555203,0.07239159569497161,0.05921542013176491,0.9910175987061366,False
elo_tuned,late_early_ratio,0.003034475111853109,0.957768921184057,0.004427490711691814,0.9334469589244183,0.9910175987061366,False
ko_loss_rate,d_adj_td,-0.0028031416142559355,0.9580848207720559,0.012269487341718975,0.7904251028748347,0.9910175987061366,False
height,d_sig_share,-0.002036364508668272,0.9591941659926748,0.06898534162960242,0.06641383198264085,0.9910175987061366,False
d_adj_td,selo_strike,0.0017025621090700463,0.9596096467408424,0.07207346746692289,0.042645206653593726,0.9910175987061366,False
d_td15,c_kd_abs15,-0.002207065140671655,0.9596746177177923,-0.07321047619490245,0.06839183620026101,0.9910175987061366,False
d_td15,sub_win_rate,-0.0025203826974554786,0.9612870707449526,0.024031032095370105,0.5590594061763481,0.9910175987061366,False
height,ko_loss_rate,0.002020370665593053,0.9633397254449242,-0.06386707558290032,0.1019038445437398,0.9914302491714486,False
d_sig_def,d_sig_share,0.0014801631096940143,0.9676481473421942,0.03316668069826097,0.34067250421898143,0.9941590554885558,False
ko_loss_rate,d_adj_slpm,0.0018703391690248513,0.9706716653285127,-0.01863128420446683,0.6819945859958598,0.9955606823882182,False
glicko,ko_loss_rate,0.00143825633238514,0.9761531331926978,-0.02073550179349278,0.5985793159608899,0.9978498910858039,False
late_early_ratio,d_adj_sapm,-0.0018557294894286345,0.9787402524952055,0.10408239282190962,0.04487176590431436,0.9978498910858039,False
d_adj_td,reach,0.0009543631521432509,0.9822123994733793,0.009113809880278718,0.8027880867299835,0.9978498910858039,False
selo_strike,dec_margin_avg,-0.0014430884255578226,0.9824073613916852,0.03450375400462227,0.550446713883272,0.9978498910858039,False
days_since_last,selo_strike,0.0012747177054902733,0.9824769196244195,-0.03679926024562009,0.3427801368305657,0.9978498910858039,False
sub_win_rate,days_since_last,-0.0007446573498588074,0.9855463415465736,0.04737139099141781,0.3519931121296841,0.9978498910858039,False
age,ko_loss_rate,-0.0008011545714591856,0.985717542995774,0.04477150872814567,0.3194679422391298,0.9978498910858039,False
c_slpm_minus_sapm,n_fights,0.0007156224188203345,0.987238187348444,0.04574022349975353,0.27179497219019244,0.9978498910858039,False
c_slpm_minus_sapm,d_td_def,-0.0005657034738233362,0.9891510605434378,0.0794788609642571,0.042111126367546346,0.9978498910858039,False
d_sig_def,n_fights,-0.0005586709591881568,0.9895344753267555,0.05317800569648292,0.19832302065762653,0.9978498910858039,False
elo_tuned,d_adj_slpm,-0.0004590073936326752,0.9913033140289025,-0.010250752177466101,0.7839237272570968,0.9979563564049354,False
streak,ko_loss_rate,-0.00031129431953388686,0.9955949451791716,-0.04209624164670933,0.4090814738530959,0.9980351666735856,False
d_sig_def,d_adj_slpm,-0.0001749040118916198,0.9962499364425456,0.02427266443897488,0.5078443305508114,0.9980351666735856,False
age,streak,0.00014823886985695694,0.997089859293001,-0.014412895456186278,0.7283788105085997,0.9980351666735856,False
elo_tuned,n_fights,-0.00011074382495711867,0.9980351666735857,0.0653800636142998,0.13460969500465528,0.9980351666735856,False
