feature,disc_coef,disc_p,disc_mkt_coef,disc_n,rep_coef,rep_p,rep_mkt_coef,rep_n,disc_q,replicated
sk_d_str,0.20316176834055008,4.319759115127669e-06,1.0203187760315382,2676,0.0964922096419587,0.03714544036684289,1.1117871402948658,2299,0.00085265217289843,True
d_adj_sapm,-0.195877034650242,7.017713357188725e-06,1.036364645149406,2676,-0.09790479116638967,0.032986660727605005,1.11437219917252,2299,0.00085265217289843,True
c_adj_sapm,-0.18909358666015672,1.3986886597951142e-05,1.0342205889413398,2676,-0.08228478374715083,0.0740355121113108,1.1167884530274947,2299,0.0009701576051016803,False
d_sapm,-0.18612521860581993,1.5969672511961815e-05,1.0468678054191995,2676,-0.08512414683706233,0.061951283554556695,1.120780509409071,2299,0.0009701576051016803,False
d_tapm,-0.18310121039025637,2.9858659901049126e-05,1.0328110941020936,2676,-0.09918176104436105,0.03493650896873371,1.104313865541905,2299,0.001248329993152569,True
c_tapm,-0.1837113617439349,3.082296279389059e-05,1.0294339655175773,2676,-0.082567350532739,0.08141471482495448,1.1078282299425963,2299,0.001248329993152569,False
c_sapm,-0.17736272718335414,3.8665510903554356e-05,1.0444652595840356,2676,-0.06979884033741955,0.12599126999717822,1.1237462100695461,2299,0.0013422455927948156,False
d_slpm_minus_sapm,0.17841769566861948,6.213681503741255e-05,1.0201485133578783,2676,0.05391940921381041,0.26390562224351566,1.1132875773326865,2299,0.0018349639842780183,False
sk_share_str,0.18446121201875218,6.96474008929646e-05,0.9965823415348852,2676,0.07218496846747982,0.14514004517817458,1.1009621073802696,2299,0.0018349639842780183,False
d_sig_share,0.17675237853477282,7.551292116370446e-05,1.0164053604507879,2676,0.07169444818438642,0.14104782139616925,1.1036971183320177,2299,0.0018349639842780183,False
c_o_head_pm,-0.16726004048009824,0.0001000828646439439,1.0420034478304778,2676,-0.057705697151567974,0.20694018202629005,1.1242262553917013,2299,0.002138309641807245,False
d_o_head_pm,-0.16657469093422472,0.00010559553786702445,1.0453398610476785,2676,-0.075166161020637,0.10054190915476327,1.120372464391596,2299,0.002138309641807245,False
c_sig_share,0.16981412095476717,0.0001530008125258577,1.015006658854552,2676,0.06746398207058164,0.16679688873996157,1.1054233571705885,2299,0.0028599382649064165,False
c_slpm_minus_sapm,0.16545031458566956,0.0002204172659906161,1.0189349417396427,2676,0.037231172289418885,0.44137959058580933,1.1205933504552323,2299,0.0038258139739799795,False
sk_exp_str,0.17006006612806357,0.00025276440461132843,1.0055268660554675,2676,0.06953406752819773,0.15919278599519737,1.1034821484451722,2299,0.00409478335470352,False
sk_o_td,0.14049580587405847,0.0010915703535213591,1.0480957146140666,2676,0.088329226618397,0.0577879696416864,1.1221570461034758,2299,0.01657822474410564,False
selo_strike,0.14873723158126836,0.001536991706975212,1.0034749668796659,2676,0.024288943742274742,0.6249939652042724,1.1250084882655558,2299,0.02054362219989771,False
d_sig_def,0.13668098381154342,0.0015713673061763273,1.0421809676449547,2676,0.1300912881989674,0.00472771319899065,1.1092263949762025,2299,0.02054362219989771,True
southpaw,0.1343430651040349,0.0016062914477286275,1.060417301128502,2676,-0.02731491869440426,0.5459836166210539,1.139080702585767,2299,0.02054362219989771,False
d_o_dist_pm,-0.13164683983948072,0.0018912165692615054,1.064631263869397,2676,-0.028103587287129285,0.5314972896590983,1.135694314459453,2299,0.02297828131652729,False
fights_365,0.13526028424768258,0.0021684349367161668,1.0262774611794923,2676,0.028851443321379337,0.5311585423395985,1.1326838405661694,2299,0.02509188998200136,False
d_adj_def,0.1291513500858791,0.0029232281447831195,1.0376752429946459,2676,0.090887561967832,0.04868132122211096,1.117191414688044,2299,0.032288383599195364,True
c_tda15,0.12590257323950066,0.003103288904306179,1.0631595456160596,2676,0.12788786605284988,0.005827425164072784,1.1306230353074862,2299,0.03278692190201746,True
c_o_dist_pm,-0.1245315353362774,0.003278411766135579,1.0640207254667275,2676,-0.03214858374757547,0.4740453737982654,1.1356879751704363,2299,0.03319391913212274,False
mu_td,0.12780893118348075,0.0035796747561462157,1.0351343118993521,2676,0.03250789232634382,0.4880582474580748,1.1291496876713571,2299,0.03412678244988444,False
d_adj_td,0.12570829446081616,0.003651425282703685,1.0465298814393127,2676,0.06290293063356127,0.18181586243589776,1.1254024987060096,2299,0.03412678244988444,False
d_head_def,0.12476481587166934,0.003934534898336063,1.0410320655918583,2676,0.11480499448127063,0.013122715119157732,1.108562917199263,2299,0.03541081408502456,True
c_adj_td,0.12371969559353309,0.004173137362277942,1.0469788345745152,2676,0.06773796720749074,0.14973271838323754,1.1249497631112364,2299,0.03621687067976929,False
c_sig_def,0.12198811528428677,0.004785335647925386,1.042190511371761,2676,0.10014007212588558,0.029521648749073946,1.1151026964347894,2299,0.040097812498133406,True
c_head_def,0.12142805216803695,0.005153688310043813,1.0392577128101415,2676,0.08490126061610051,0.0658994819365123,1.1158640301709895,2299,0.04057068224669468,False
c_adj_tda,0.11844755176798755,0.005401573128850115,1.0635766677401541,2676,0.1243431867444586,0.00726113348291822,1.1324776949598687,2299,0.04057068224669468,True
c_td15,0.11967807445989782,0.005414082177736261,1.049013802649476,2676,0.0657952593335718,0.15970787003154585,1.1261508133201776,2299,0.04057068224669468,False
c_adj_def,0.1200769617632125,0.005509598823625204,1.0407402997056678,2676,0.07006775271374441,0.12754762053857158,1.1219230393158992,2299,0.04057068224669468,False
d_o_sig_att_pm,-0.1160482714642874,0.0061661008711568375,1.0621801568065268,2676,-0.028163528025638006,0.5317094433073828,1.1350397397451866,2299,0.04406948563797387,False
age,-0.11676827494666804,0.007378077236234118,1.0231432330986912,2641,-0.12176275533899963,0.010445216981749602,1.089136078416742,2293,0.05122493624013973,True
c_o_sig_att_pm,-0.11273602723972889,0.007871036581420118,1.0611775197114768,2676,-0.027867114900703104,0.5358805956771324,1.13523832721608,2299,0.0531294969245858,False
d_td15,0.11353450497174111,0.008388637183779989,1.0501440762251215,2676,0.06474948047234864,0.16819168475395352,1.1259169084786813,2299,0.05509294150428479,False
d_adj_tda,0.11192998026900977,0.008650762667574387,1.0622621039567155,2676,0.1187322840515887,0.010207415581660701,1.1309170593876892,2299,0.05531935074264674,True
sk_share_td,0.11256205932192623,0.009375966645890351,1.0407831171644402,2676,0.031360370860972785,0.4945864085394127,1.1323257643112241,2299,0.058419484485932184,False
sub_loss_rate,0.128315694093722,0.009786027975400922,1.0391192582073125,1950,0.06085354121392214,0.22885781625869572,1.07513353784683,1788,0.05945011995056061,False
d_o_leg_pm,-0.1094408111765264,0.010205464096085309,1.0658783740853721,2676,-0.005375461691611721,0.904619279953772,1.138024631351371,2299,0.059905465974905384,False
d_tda15,0.10926098102428705,0.010354031156156487,1.061747967891283,2676,0.12377962894116884,0.007533305047333812,1.1297403001608732,2299,0.059905465974905384,True
sk_exp_td,0.1069507949802035,0.01453217753528577,1.0406567954784889,2676,0.03125796276312538,0.49994137414046447,1.131695358628972,2299,0.08212370095521959,False
age_debut,-0.10460645099427324,0.016432664934929283,1.0250327210966723,2641,-0.10395365933519983,0.025763380646840372,1.1057243873274871,2293,0.09075312679972308,True
d_o_clinch_pm,-0.10221082751626076,0.016862916570525983,1.0572156229967742,2676,-0.12181500306215673,0.00787726287463844,1.1201312260294871,2299,0.09105974948084031,True
sk_ov_td,-0.10373696528021374,0.018931720774615406,1.0339495829568344,2676,-0.1109534208078049,0.015555741696901913,1.1216049589008925,2299,0.10000887278764224,True
missed_weight,-0.11542563233191558,0.02363689062253049,1.0619449176249742,2676,-0.07489873379974779,0.10594471672199202,1.1371814870815298,2299,0.122207753644147,False
selo_grapple,0.09673755818500987,0.028141279723030255,1.0392567753201472,2676,0.09325118594345348,0.044817693607322975,1.1194319885718966,2299,0.14246522859784067,True
d_stat_mins,0.09184473737753888,0.03816786124710198,1.0363208786275495,2676,0.07187725343414965,0.11434735248436324,1.131204017698844,2299,0.1892814343478731,False
c_td_share,0.08751559363224223,0.04180710410262051,1.0478646460912069,2676,-0.0011295368841419177,0.9803170930556472,1.1383131577822392,2299,0.20318252593873568,False
fights_730,0.0889593117089645,0.043658216036080194,1.0355114864875334,2676,0.023993502303103462,0.6006732171949608,1.13441138996043,2299,0.2080185587601468,False
c_o_clinch_pm,-0.0839879317402868,0.04850668373238247,1.0579734154665477,2676,-0.0973343005552846,0.03471626014457285,1.1225438017018288,2299,0.2266754643647873,False
sk_ov_ctl,-0.0849819764966468,0.053991340231476184,1.038202584535536,2676,-0.07858949193505597,0.08775769183242918,1.1259010150123052,2299,0.24754520143865497,False
c_o_leg_pm,-0.08157596834676777,0.05513003011540505,1.064215777567726,2676,-0.02150810512215937,0.6315632670124439,1.1381002378967497,2299,0.24808513551932274,False
sub_loss_n,0.07770367187401675,0.06658708219936757,1.0716750782820639,2676,0.0006477027907501606,0.988518747641535,1.1381437255393603,2299,0.29343028465117776,False
d_o_body_pm,-0.07805313744227835,0.06762179399368706,1.05982974848459,2676,-0.09333353029426497,0.03830712326606813,1.1317896708619526,2299,0.29343028465117776,False
d_kd_abs15,-0.07679209218461999,0.07132493292165339,1.0520799153145994,2676,-0.028595700708535773,0.5320292724958853,1.1311660464712483,2299,0.3040694508765224,False
mu_strike,0.07723480610975632,0.07412788886454255,1.0458524012543766,2676,0.025916375915614683,0.5791362303436336,1.1292149905914306,2299,0.30903851191674664,False
sk_ov_sub,-0.07757301703918124,0.07503404198801668,1.044987808163843,2676,-0.10926695323656821,0.015857222169170303,1.1292146566505967,2299,0.30903851191674664,False
split_win_n,-0.0720544203400697,0.08943815929611107,1.063278047797976,2676,-0.07316084311292011,0.10947826912945889,1.1302290551431458,2299,0.35695452395982114,False
sk_o_ctl,0.07266193637901475,0.09065290766125186,1.0550219079633665,2676,0.07659461583370752,0.09630394210798067,1.1251292857564281,2299,0.35695452395982114,False
c_o_body_pm,-0.07169856387447722,0.09276835812471786,1.0604012563239384,2676,-0.07154566897780967,0.1135967304387921,1.132523101296993,2299,0.35695452395982114,False
d_adj_kd,-0.07183647346940034,0.09277925436103295,1.0759000089155024,2676,-0.1124237050923057,0.014148216118167379,1.1675283322122265,2299,0.35695452395982114,False
late_early_ratio,-0.1014290595750321,0.09401271412933561,1.0371627318768601,1418,-0.01855955228388289,0.7379841101879356,1.0882987873816308,1474,0.35695452395982114,False
sk_exp_ctl,0.07395539940607011,0.0968322377471898,1.042386338459568,2676,0.06401305975938305,0.17407930690533646,1.1213607299693948,2299,0.36200359650103264,False
c_kd_abs15,-0.0681432574442779,0.1106893316573628,1.051225717835716,2676,-0.03330775861776638,0.46592697770850566,1.1304797736265613,2299,0.40560886389934947,False
c_o_ground_pm,-0.06860096923228516,0.11183454272121982,1.0493114655616516,2676,-0.03124984833059659,0.49669046426269237,1.1302013469425058,2299,0.40560886389934947,False
c_td_def,0.06778761898113411,0.11485487235970238,1.048248775785872,2676,-0.08651283927026124,0.05719523922809192,1.1552063817622527,2299,0.40971555076345256,False
d_kd15,-0.066865143230322,0.11633898355011615,1.0730214556567796,2676,-0.09205865041931938,0.04417508758568296,1.1583879165233137,2299,0.40971555076345256,False
mu_sub,-0.06412133021333961,0.12491870119866123,1.0700854411443994,2676,0.03732856017786271,0.4086011574258409,1.1342294970576323,2299,0.4336463484467812,False
sk_ov_str,-0.0662521705489277,0.13428576092492545,1.0424517065540035,2676,-0.06731363968185755,0.14417593922182995,1.126567610362077,2299,0.4547335572263241,False
sk_d_sbf,-0.06422313359656444,0.13473586880779972,1.0771192874345994,2676,2.2949790948327945e-05,0.99959469686652,1.1381007695279735,2299,0.4547335572263241,False
d_td_share,0.06358810313369237,0.13922703850569548,1.0515166413266894,2676,0.010213214192876213,0.8234296765851823,1.1361739043252967,2299,0.46345438845046577,False
mu_ctrl,0.06248144003040925,0.14794974353380083,1.05086064050823,2676,0.04483198717104841,0.3343596773495636,1.127251375958897,2299,0.48583496863126485,False
mr,0.07000885158302421,0.15031146332772358,1.0265238835820556,2676,0.045630560928511546,0.40173190975683537,1.106410504769831,2299,0.48696913943265957,False
last_ko_loss,-0.0699727389138353,0.15230310533696348,1.007403221150808,1950,-0.04460914153383509,0.3773088962358959,1.0613167921129483,1788,0.48696913943265957,False
sk_dv_kof,-0.06095036554230317,0.15581198035633168,1.0556675399915143,2676,-0.09005780049241167,0.05079424529788814,1.1236598300441798,2299,0.4908649838552575,False
ape,0.06025735284531105,0.15848846546080875,1.0515951174271714,2666,0.0308942861409754,0.49747099098557246,1.1328000806864205,2293,0.4908649838552575,False
sk_share_ctl,0.06159081420785793,0.159581620265701,1.046843619026514,2676,0.07565202756003472,0.10327783140270189,1.1195593282983003,2299,0.4908649838552575,False
sk_dv_sbf,-0.05952060267742334,0.16388814791698825,1.057663562715647,2676,-0.06017056459722255,0.1902486620392171,1.1272712893472965,2299,0.4942421274684935,False
d_adj_acc,0.059317091526292665,0.16474737582283117,1.0538487065823432,2676,0.03223550279221881,0.4831934329887245,1.1307726100981528,2299,0.4942421274684935,False
sk_d_kd,0.05809921493005486,0.1739183017864987,1.052513088310584,2676,0.012436423141525828,0.7849681781318238,1.1356124722425212,2299,0.5091711927644287,False
reach,0.05795625029925761,0.1751392848283445,1.0533653366710016,2668,0.061139977671831526,0.1798846144722126,1.126415958631774,2293,0.5091711927644287,False
d_o_ground_pm,-0.05807645742072635,0.17600979502967906,1.0523598499175786,2676,-0.07090390416470169,0.12409249660523566,1.1218231920648698,2299,0.5091711927644287,False
best_win_now,0.0761035039388511,0.18236735698063278,1.0102069076810225,1596,-0.03607409471125676,0.51455123754236,1.0774462503843738,1535,0.5213560911328678,False
sk_ov_sbf,-0.05559974254567516,0.19321086557445444,1.057534285758348,2676,-0.07281440921266867,0.11399635594492592,1.1247306853640497,2299,0.5459330271464236,False
sk_dv_ctl,-0.05390738685300622,0.21581308695601087,1.0499611335804009,2676,-0.05785932078480462,0.2045074973712916,1.1354074262267677,2299,0.6027882773598924,False
c_adj_kd,-0.052075023063397216,0.2223548545646047,1.0725854610379757,2676,-0.15537597413479246,0.0007102620105888354,1.1807043806056141,2299,0.6075384908620006,False
sk_o_sub,0.05128961676738556,0.22251409747620599,1.0637731612268055,2676,0.07460039033900245,0.09655753422342365,1.133333647737087,2299,0.6075384908620006,False
d_td_def,0.051540744200770185,0.22921611352153526,1.0518591378734694,2676,-0.04097935604166988,0.36754512439077014,1.1468430010004265,2299,0.6188835065081452,False
sk_o_kd,-0.049684454803351645,0.24520849489514762,1.0703419428422691,2676,-0.12803068123584482,0.005304700162205419,1.1590342187052067,2299,0.6547875193353943,False
d_adj_ctrl,0.04855258422368585,0.2607536046146076,1.0560147634980686,2676,0.06496085200643414,0.1627617074956359,1.1249550769155416,2299,0.6887296295798875,False
c_kd15,-0.04721168603595915,0.26854218041112143,1.070707397320403,2676,-0.14684111231340757,0.0013846127750716465,1.1732133977773025,2299,0.7002342301277573,False
c_adj_acc,0.046605075642293686,0.2752776994987982,1.055615149021764,2676,0.017062082362239172,0.7094891429591311,1.134564824507505,2299,0.7002342301277573,False
sk_dv_kd,-0.046322736572346264,0.2813634116549416,1.0564227815252596,2676,-0.07332614352781343,0.11086580423300064,1.1258344390766606,2299,0.7002342301277573,False
sk_dv_td,-0.04645347688685708,0.2861314230062302,1.0517092881007455,2676,-0.10756790608979877,0.017774642398170587,1.1338103032359335,2299,0.7002342301277573,False
sk_dv_sub,-0.0460144583920555,0.28624318307190366,1.0538450009841025,2676,-0.07167219481690304,0.1125437383637654,1.132105976276237,2299,0.7002342301277573,False
over_exp_all,-0.05572248296143935,0.28624366746382834,1.0378767959118855,1944,-0.10751071635771466,0.05433199328297387,1.1315636301146705,1783,0.7002342301277573,False
win_quality_now,0.055621916510757596,0.288154906780859,0.9903249130220331,1950,-0.06979210453945046,0.17784242487817115,1.0853314012413935,1788,0.7002342301277573,False
sos_now,0.05232960945701469,0.2920144351791637,1.0013941453751671,1950,-0.026682958589181086,0.5969635802042379,1.0663800108011445,1788,0.7002342301277573,False
c_ctrl_abs_share,-0.045153701899042054,0.293601666729978,1.053165278800167,2676,-0.01961494414381905,0.6702650357242417,1.1330168987991485,2299,0.7002342301277573,False
c_ctrl_share,0.04498760704519971,0.2939254793128858,1.0581780525080822,2676,0.042938686968178694,0.3509866485029288,1.1309947653861327,2299,0.7002342301277573,False
sk_ov_kof,-0.044152234309245045,0.3010000085083352,1.0569463543317008,2676,-0.07275321798264046,0.11246979668328079,1.1267812788059188,2299,0.7085563306946095,False
d_ctrl_share,0.043928184653454314,0.30513352590863596,1.0587478611402665,2676,0.044349541806633634,0.33637274571733145,1.130698519185079,2299,0.7085563306946095,False
ko_loss_rate,-0.05078888254724213,0.30634639779066386,1.0001190238181201,1950,-0.0007955417467156035,0.9876923612257495,1.0660572110409223,1788,0.7085563306946095,False
sk_exp_sbf,-0.043405557608345614,0.30908218540587906,1.0695377870332976,2676,0.02276964471365186,0.6141333015717785,1.1357347910224247,2299,0.7085563306946095,False
c_dist_frac,-0.04253123500635048,0.3183586931357163,1.058717570368966,2676,-0.013255945750742576,0.769606191593817,1.1370242989391528,2299,0.723001518055879,False
worst_loss_elo,-0.060021193478864095,0.32916836816430795,0.9961095855287354,1313,-0.05219944409588041,0.39949080209438403,1.1736216750321662,1278,0.7406288283696929,False
title_rate,0.0514149164907143,0.3362064683404482,0.9935495789591161,1950,-0.050668870820587346,0.3292831529006548,1.0731148430735409,1788,0.7462906984853348,False
d_o_rev15,-0.04072973600180322,0.33782706515797045,1.0610081686188546,2676,0.0833304885531112,0.06687933928388894,1.1419956048108282,2299,0.7462906984853348,False
last3_winrate,-0.048204900314708636,0.3430244559752895,1.0303923557709023,1944,-0.10354578385917952,0.05495799402017948,1.1176203639251143,1783,0.7509454306486067,False
c_ground_frac,0.03957628824284652,0.35705001504810574,1.0569744781434183,2676,0.053715329146276865,0.24582032449445212,1.1281635362264701,2299,0.7650271422129818,False
d_ground_frac,0.03950495510229954,0.35867881214923214,1.056280757284838,2676,0.04396267065769771,0.3444150799936192,1.1291899120630053,2299,0.7650271422129818,False
finish_win_share,-0.050162446371644256,0.3589016222727569,1.0375402365000181,1596,-0.04169969252816607,0.4494182568498005,1.07750305491417,1535,0.7650271422129818,False
d_dist_frac,-0.038419144840309054,0.3671177609182834,1.0588286554165323,2676,0.003782121288563174,0.9336611046128862,1.1384816284904533,2299,0.7745171235224181,False
split_win_rate,-0.044205028611113334,0.37017597624824583,1.0069228310990113,1950,-0.058134208866231704,0.2501098333982047,1.0598702027228042,1788,0.7745171235224181,False
c_adj_ctrl,0.038008563245738376,0.3780434687761204,1.057647951467714,2676,0.060939932889632384,0.18858901241719817,1.1263783469211395,2299,0.7745171235224181,False
debut,-0.03780060920644859,0.3835583851442267,1.05513454545179,2676,-0.015210718148666313,0.7441273763496674,1.1358721872388156,2299,0.7745171235224181,False
sk_ov_kd,-0.037320841163756856,0.3853332292128495,1.0565570403242024,2676,-0.03611181974289511,0.4286099851358107,1.1318550915717487,2299,0.7745171235224181,False
d_leg_pm,0.036818515637591025,0.3863601329126053,1.0606508800617431,2676,-0.005139941012162684,0.9089240298622492,1.1384275438483884,2299,0.7745171235224181,False
country_fights,0.03660593769077186,0.38830880535008916,1.058840307256194,2676,0.02371620741227943,0.5976734549942602,1.1403056167103673,2299,0.7745171235224181,False
sk_d_ctl,0.03795564771427583,0.3905447945544721,1.0510687625717894,2676,0.035490392438124796,0.4402083733547437,1.1305890663623557,2299,0.7745171235224181,False
ko_win_rate,-0.042919071529359455,0.39203953165949557,1.0191064004419204,1950,-0.061027434827149674,0.23555117881052934,1.0813549226075307,1788,0.7745171235224181,False
d_sig_acc,0.035707523674081844,0.40138226855589754,1.0589534007255479,2676,-0.02624960143425039,0.5675109936790783,1.14429051851812,2299,0.7812081996372776,False
d_o_tda15,0.035571515983643255,0.4018560697722622,1.0638253089613459,2676,0.013823693974009269,0.7587383248709217,1.1378575726067042,2299,0.7812081996372776,False
d_leg_frac,0.034690465743166116,0.4131788667704729,1.0643486847164758,2676,-0.0032865468798865703,0.9417855991222558,1.1378268009742925,2299,0.7918912484690556,False
losses,0.03421912098777711,0.41750878628009713,1.0650000165359461,2676,0.026873653460928154,0.557780736715064,1.145987199960195,2299,0.7918912484690556,False
d_ctrl_abs_share,-0.03470260535830163,0.41916599577985003,1.0554846834157197,2676,-0.0326298965367892,0.4765197670696575,1.1303325671342686,2299,0.7918912484690556,False
mu_kd,0.03455094835439296,0.42183625542754144,1.0554527175180624,2676,-0.05066512035015374,0.26718480395299216,1.153633601772673,2299,0.7918912484690556,False
days_since_last,0.03904782745282462,0.4246233722268645,1.0157672494773116,1950,0.035356374612430734,0.496703756697391,1.07145890742563,1788,0.7918912484690556,False
split_loss_n,0.033301134153333585,0.4298585453724503,1.061211397411164,2676,0.02096815713459468,0.6380419034164295,1.1395628037024153,2299,0.7918912484690556,False
avg_gap_days,-0.04742621658804675,0.43154572521637113,1.0156547711741188,1379,-0.0005693015017201376,0.9924093938818289,1.1106580644443584,1397,0.7918912484690556,False
sk_d_td,0.033730963125913234,0.4334219590386189,1.0552678548748289,2676,-0.043911754015520235,0.33188963073041877,1.1428075373184092,2299,0.7918912484690556,False
sk_share_sub,0.032578649912606845,0.4416618322148833,1.0598842895629637,2676,0.04335899550130229,0.3329754878263935,1.1355198143439835,2299,0.7994949081447856,False
sk_share_sbf,-0.03259726306529039,0.4441638378582142,1.067737243480405,2676,0.006307096823772128,0.8886598863970835,1.1373958160883424,2299,0.7994949081447856,False
c_rev15,-0.03128920096866775,0.4576375387901809,1.060430544014419,2676,0.005284997298579304,0.9061205426829354,1.1382921130246018,2299,0.8176906023971614,False
ko_loss_2y,-0.03574556440544365,0.46270261039616245,1.0074881178868011,1950,0.013469861064626122,0.7913828319301033,1.0692429132256882,1788,0.819679836650476,False
avg_mins,0.03614865806199888,0.46549719118422095,1.006473378802344,1950,0.07506197161741376,0.1393330220845167,1.0697247140713695,1788,0.819679836650476,False
c_body_frac,-0.03064098766567505,0.46933383004865326,1.0633389968842963,2676,-0.011985461990769159,0.789924874684668,1.1374246019684622,2299,0.8204900769915305,False
over_exp_last3,-0.036351706411450205,0.47300734423898305,1.0262690503715988,1944,-0.0998465527890245,0.06212912150566484,1.1131674575564936,1783,0.8210056046433778,False
c_ground_pm,0.030793713281428596,0.4765591626657222,1.058157651652496,2676,0.0569088685260312,0.23273759635234859,1.1231222802202603,2299,0.8213040888494361,False
glicko_rd,-0.029444378214426907,0.4999633999250106,1.055137308260965,2676,-0.016312126657752234,0.7223716687355306,1.1365346600184367,2299,0.8555711702942084,False
d_head_acc,0.02803948181960029,0.5104614209609494,1.0592792741391437,2676,-0.014557338743085398,0.753131388757043,1.1421826826760868,2299,0.8649076800548129,False
best_win_elo,0.03727765779055321,0.5125378844769262,1.0231299655016686,1596,-0.03456322518976657,0.5300041687165232,1.0753493037254964,1535,0.8649076800548129,False
c_head_acc,0.027617377287582796,0.5179753737153092,1.0590153004223708,2676,-0.010550853151881054,0.8191359123856308,1.140948066168343,2299,0.8680552814677251,False
sos_elo,0.03229082143444707,0.5260969312253099,0.9995208343634462,1950,-0.07470094614338758,0.14197272191441443,1.075938563372854,1788,0.8756270841626733,False
c_td_abs15,-0.026276419755274755,0.5361885155878232,1.0584427498790254,2676,0.051949445857915,0.25075814707110444,1.145838965281522,2299,0.8835096637522117,False
sk_d_kof,0.026506816861550903,0.5381633958145702,1.057040121574289,2676,-0.021777831347165388,0.6324253535935358,1.142610362003682,2299,0.8835096637522117,False
d_ground_pm,0.026071903229255733,0.5456538234921142,1.0590757530361696,2676,0.04149402048303668,0.38594424711088426,1.1270737890279796,2299,0.8835096637522117,False
dec_margin_avg,0.037736514533568404,0.546470554281532,1.0168255206135663,1276,0.026796381739042592,0.6629443903829664,1.1239275202051457,1359,0.8835096637522117,False
sk_dv_str,-0.026096761220130844,0.5513486761818205,1.0556292138135035,2676,-0.05752087674769629,0.20839912150659556,1.1332757063364414,2299,0.8835096637522117,False
c_clinch_frac,0.024784617992618364,0.5574819618824932,1.0628237953838937,2676,-0.04689954888837831,0.29851244523285214,1.1337967699867453,2299,0.8835096637522117,False
d_td_acc,0.02472258024691035,0.5637028411797909,1.0582507962063958,2676,-0.0940207293608081,0.040788381081309985,1.1597518101615878,2299,0.8835096637522117,False
split_loss_rate,0.028229940154065106,0.5647901712136233,1.008193605159683,1950,0.020690929133275363,0.6808855086930091,1.0670947916294449,1788,0.8835096637522117,False
c_sig_acc,0.02441756615619115,0.5666788765560157,1.0598865682553928,2676,-0.019822353820061478,0.6648429458827184,1.1425241742439216,2299,0.8835096637522117,False
c_kd_share,0.024497363130195116,0.5694235523006307,1.0576796071670278,2676,-0.07095363572638841,0.12471585163090604,1.1604564643938304,2299,0.8835096637522117,False
c_o_rev15,-0.024066375586233424,0.5708272313131574,1.0613682518334215,2676,0.0663065307748422,0.14559216293027608,1.1419452131982586,2299,0.8835096637522117,False
line_gap,-0.03117503312785013,0.5878980416238802,1.0879529285849214,2676,-0.05479722422514545,0.29209770194437346,1.1742943983928102,2299,0.9041723045228031,False
d_rev15,-0.02223053289051257,0.5974239154108417,1.0611177429436394,2676,0.005070200102014869,0.9101103317022186,1.1382089799813593,2299,0.9097370227765509,False
win_rate_s,-0.02383845357920547,0.6017938730424626,1.073285313472511,2676,-0.08810095746141185,0.08455867179517952,1.1930226739295697,2299,0.9097370227765509,False
d_body_frac,-0.02204070742870925,0.6027475747614185,1.0630273155819119,2676,-0.020344068236221168,0.6507312058015144,1.1366925629195292,2299,0.9097370227765509,False
dec_loss_rate,-0.023964734067027534,0.6237165571954187,1.0085922065001223,1950,0.036028769412558656,0.48663253648574734,1.0767043165608465,1788,0.9211706660027261,False
h2h_score,0.020622813261993694,0.6251408644519216,1.0621389728966641,2676,0.07554284369304752,0.1136143134762789,1.135514252998186,2299,0.9211706660027261,False
fights_at_weight,-0.020399105288911007,0.6335035517904397,1.0639106731495496,2665,-0.0366539022489088,0.4205111057230597,1.1404297480348073,2277,0.9211706660027261,False
c_leg_pm,0.019832262259163767,0.6397366510513913,1.061439897212335,2676,0.0004697119627322385,0.9916471014516887,1.1380760163351331,2299,0.9211706660027261,False
five_rate,0.024942205048413258,0.6441703078895731,1.0022727966296172,1950,-0.04100048546438788,0.42721807782683996,1.0703428857968305,1788,0.9211706660027261,False
sk_o_kof,-0.01952871067117146,0.6480951883520558,1.0657420149676917,2676,-0.07698291810354489,0.09248799663159979,1.152187347337549,2299,0.9211706660027261,False
dec_win_rate,0.02259091133356161,0.6518819458857712,1.0049508539262535,1950,0.01830566480103773,0.7170417017434759,1.0646315673620088,1788,0.9211706660027261,False
d_clinch_frac,0.01875451183374759,0.6578751521553615,1.0628095999946034,2676,-0.061015823942059545,0.17566803445666013,1.1334007643212736,2299,0.9211706660027261,False
c_o_sub15,0.01869713468812409,0.6598508915628575,1.0660196073028367,2676,-0.03120386616187607,0.48520702259151016,1.1343279444184549,2299,0.9211706660027261,False
sk_exp_kd,-0.018983521076888932,0.6600246637836868,1.067338806736893,2676,-0.09252346141882,0.04226011514658439,1.159167758669529,2299,0.9211706660027261,False
height,0.018080150559896858,0.6676572587996396,1.0575216566975993,2666,0.045444276246331655,0.31606758767652665,1.1297527551734636,2293,0.9211706660027261,False
d_sig_att_pm,-0.017960658229662276,0.6705298904615087,1.0654965880494738,2676,-0.019600767418525355,0.6647164998266201,1.1414767195922244,2299,0.9211706660027261,False
elo_mov,-0.01991563252739547,0.6715082713356384,1.072332919233152,2676,-0.06955637307868631,0.16389573275756264,1.1753797490859175,2299,0.9211706660027261,False
d_slpm,0.018069654800223236,0.672099098441301,1.0594717826183087,2676,-0.03439374221894177,0.4537943415305028,1.1479276092472226,2299,0.9211706660027261,False
d_o_sub15,0.01787312064195307,0.6732173511434879,1.0656244717963455,2676,-0.030097208140368575,0.5013764684080179,1.1347808071776566,2299,0.9211706660027261,False
c_sub15,0.01766906674908474,0.6740680634227629,1.0629655462795795,2676,0.017376728834438925,0.696952468851634,1.1376995967342471,2299,0.9211706660027261,False
c_leg_frac,0.01742395045032081,0.6806006555146116,1.0636408616446664,2676,-0.0013735559713173955,0.9756480045544182,1.1379648706774754,2299,0.9211706660027261,False
n_fights,0.017427751903804304,0.6825120772236133,1.0605354373770939,2676,0.011220406108678848,0.8038083294518854,1.13929832817835,2299,0.9211706660027261,False
selo_sub,0.017163104460078033,0.6847887695150554,1.0615338801383742,2676,0.045006223791346285,0.31598889234238337,1.1345831508999136,2299,0.9211706660027261,False
c_slpm,0.016700080718248175,0.6964672088249395,1.0594467482887187,2676,-0.03501580520417146,0.4461317223129878,1.1480380287398713,2299,0.9211706660027261,False
d_kd_share,0.016685177236294358,0.6979572221397837,1.0595159414188713,2676,-0.047038207406374204,0.3100988475528422,1.1534399333479597,2299,0.9211706660027261,False
mu_ko_chin,-0.01640872296866213,0.6999237045346534,1.0661950006246175,2676,-0.015385991799366713,0.7356880436422566,1.1425080553202271,2299,0.9211706660027261,False
replacement,-0.0167518783322734,0.7001755357006277,1.0602945054748194,2676,0.012269789251575807,0.7942361258143658,1.1406729861729323,2299,0.9211706660027261,False
c_head_frac,0.01625396021031698,0.7013027704135981,1.0619215875425507,2676,0.011519105571984092,0.7990072473248105,1.136547406066798,2299,0.9211706660027261,False
streak,0.01653993629996034,0.7052111045449574,1.059979018943177,2676,0.011558025625660063,0.8091282117172314,1.1341214280260403,2299,0.921324184970025,False
ko_win_n,-0.015608229510511992,0.7166576176922157,1.0657971002650701,2676,-0.045217534610967836,0.32015979410344253,1.1399547551134441,2299,0.921740634259125,False
sub_win_n,0.015280412784276248,0.7181831352531773,1.061605739202856,2676,0.01996629835601266,0.657451851930088,1.136786828015407,2299,0.921740634259125,False
cage_mins,0.015356951216422103,0.7207025535359414,1.0604160419403024,2676,0.017776703455002478,0.6947218143751537,1.1398652148205835,2299,0.921740634259125,False
c_stat_mins,0.015356951216422103,0.7207025535359414,1.0604160419403024,2676,0.017776703455002478,0.6947218143751537,1.1398652148205835,2299,0.921740634259125,False
tenure_days,-0.014809027283341717,0.7278434472449677,1.0630225493150705,2676,-0.034707623683365434,0.4506518317896705,1.131710058092077,2299,0.9259997784320795,False
elo,-0.015766376453949044,0.7344735586463764,1.0699830492006404,2676,-0.04647566497341828,0.34608858688019395,1.161166725833233,2299,0.9285914817741439,False
switch,-0.014085484977585475,0.7375232756477769,1.0626446893093995,2676,0.053003693633430604,0.24236686847251887,1.1397491927037,2299,0.9285914817741439,False
title_n,0.01465095859042314,0.7425140968390711,1.060355885191219,2676,-0.06769117740023892,0.15063662299238553,1.1422430664340353,2299,0.9300563171747127,False
worst_loss_now,-0.020000376881319525,0.7506641288123082,0.9846562528470884,1313,-0.06343778699671107,0.3126194139614896,1.1820176041245751,1278,0.9312907699099895,False
c_clinch_pm,0.013407954179714486,0.7511645716146417,1.0624025472984735,2676,-0.06707279447279928,0.13543941702020737,1.1399098087360782,2299,0.9312907699099895,False
common_score,-0.013416637505553284,0.7553600293126961,1.0653508989721496,2676,-0.13802845973931943,0.0024469874720955435,1.169457526199451,2299,0.9317385133146454,False
c_sig_att_pm,-0.012451247150464513,0.7684530739591557,1.0648479198372531,2676,-0.023879772943439154,0.5976622610595385,1.1421669224114757,2299,0.9404245921023424,False
sk_d_sub,-0.01237756539000781,0.7723856347819711,1.064952579283161,2676,-0.030594589121896932,0.4956435869122737,1.1382763645542182,2299,0.9404245921023424,False
c_head_pm,0.01227493153287171,0.7740120099607757,1.060676144099533,2676,-0.020400622035621627,0.6578066813579726,1.144110459609484,2299,0.9404245921023424,False
d_body_pm,0.011802054811500349,0.7808098518820994,1.0615181848093438,2676,-0.0642273676036968,0.1537976561928882,1.146150188764512,2299,0.9439641492902993,False
sk_o_str,0.011476140069987832,0.7901502759518839,1.060168747113526,2676,-0.027269574946291272,0.553338215505556,1.1458225599340057,2299,0.9489856991672745,False
c_adj_sub,0.010886786714834033,0.7952869489162099,1.0628787363019079,2676,0.014373404271608554,0.7476123527052307,1.1368483969910894,2299,0.9489856991672745,False
elo_new,-0.012047388314015504,0.7966793523873416,1.0686318117270572,2676,-0.07161590740466768,0.15522202681062525,1.1787169254758447,2299,0.9489856991672745,False
sub_win_rate,-0.012465920582001442,0.800589422454256,1.0100859417973107,1950,-0.0067136180496160805,0.8956996956647909,1.0675909053132642,1788,0.9489913641774839,False
c_o_tda15,0.009910268211813848,0.8149288428750078,1.0631021610601012,2676,-0.0034289980142288242,0.9393586687421402,1.1380593961725147,2299,0.9612995573719751,False
late_fights,0.00974357482193865,0.8198311286277303,1.0614941491304306,2676,0.03341885601634049,0.4595516344816869,1.1419090757936143,2299,0.9624104553455964,False
went_dist_n,0.009235741470154678,0.8288532253950802,1.0614996871348137,2676,0.025616211793459322,0.5705775575248029,1.141246284620841,2299,0.965948770859316,False
d_adj_slpm,0.00923044072079836,0.8307954448954611,1.0606170928797258,2676,-0.022888839890540264,0.6206450922411191,1.145137575307102,2299,0.965948770859316,False
c_adj_slpm,0.008967078617847101,0.835422879788053,1.0607378532018419,2676,-0.03353084463702184,0.46637095838848286,1.1473835395993481,2299,0.9667036180404613,False
selo_kd,-0.008336244465938877,0.8467170621158737,1.0646986306934803,2676,-0.09510073954597967,0.038292891595386166,1.162200227423731,2299,0.9744808897634591,False
d_clinch_pm,0.007698520101522704,0.8558542201072644,1.0627708767540631,2676,-0.0875839123185961,0.05146358419168517,1.1403782062508983,2299,0.9744808897634591,False
d_td_abs15,0.007689192380023838,0.856187507592523,1.0642679694793356,2676,0.03665360557077912,0.4163611038207976,1.142919855311925,2299,0.9744808897634591,False
sk_o_sbf,0.00756077701794999,0.8581848164995073,1.0628067476195036,2676,0.007572023815222968,0.8672010519425964,1.1369437257403734,2299,0.9744808897634591,False
dec_win_n,0.007226597986180388,0.8667228769133026,1.0615483975432125,2676,0.0312993617659705,0.4882315317277064,1.1386673646750376,2299,0.9749861690289423,False
glicko_p,-0.007723414523912111,0.8723053468618266,1.0671333969106351,2676,-0.10396536674633694,0.04362446118744003,1.203004135996848,2299,0.9749861690289423,False
sk_share_kd,-0.006658406640268817,0.8776243363409223,1.064452678461246,2676,-0.09742991296642142,0.03400834923462719,1.1635854602557072,2299,0.9749861690289423,False
ko_loss_n,-0.006091906272184619,0.8848857594056548,1.0623422834344667,2676,0.037445749871594304,0.41153155029746114,1.1489342137118626,2299,0.9749861690289423,False
dec_loss_n,0.00573848621339432,0.8917472383892846,1.0626782899633764,2676,0.014475760692272117,0.7492189295934681,1.1411720848502793,2299,0.9749861690289423,False
elo_fast,-0.006411340124787896,0.8922224580452712,1.066044373732386,2676,-0.062423848856954525,0.2196847105635663,1.1737958189001327,2299,0.9749861690289423,False
c_tlpm,0.005767288363448336,0.8923303325237627,1.0623682010451754,2676,-0.00792951615025498,0.8623688142305342,1.1399173232043613,2299,0.9749861690289423,False
weight_change,-0.005583002420666224,0.8950642420180871,1.0630257587905856,2676,-0.06296899337363025,0.1625123662674054,1.1406078149309868,2299,0.9749861690289423,False
d_sub15,0.005041056895810612,0.9046860904985933,1.0629347078921554,2676,0.039621815048636745,0.3777125935318919,1.1360765593483921,2299,0.9749861690289423,False
sk_exp_kof,-0.005062867558595902,0.9068653719340398,1.0641992485777332,2676,-0.06721542814156174,0.14001969071224518,1.156646908000337,2299,0.9749861690289423,False
elo_tuned,0.0053240596831091655,0.9116511146494453,1.0601428286993413,2676,-0.10074005672100986,0.055942122470886986,1.204178191829861,2299,0.9749861690289423,False
wins,0.004200668243415416,0.9229679025369573,1.0619099720506409,2676,0.002997153239369276,0.9471878063702514,1.1379916211455188,2299,0.9749861690289423,False
d_dist_pm,0.0037743979719544935,0.9287453032865223,1.0624504891028304,2676,-0.024131651070903787,0.5949499236440055,1.1422302479255932,2299,0.9749861690289423,False
mr_var,0.003805440977270244,0.9314777932064414,1.0642368763851189,2676,-0.004289752401339934,0.9269151015471395,1.1371582845973485,2299,0.9749861690289423,False
c_body_pm,0.0035346814660193763,0.9336369720829015,1.0624481135704797,2676,-0.06024453506440547,0.18249352879863123,1.1460303899214395,2299,0.9749861690289423,False
d_head_frac,-0.0034890695379235954,0.9344471126255905,1.0631998256326474,2676,0.020371441513423048,0.6526485389772666,1.1352668393534433,2299,0.9749861690289423,False
went_dist_rate,0.003955948138391014,0.9363391484912948,1.0085846312944355,1950,0.042250263063028225,0.4049622866585536,1.0721215102265693,1788,0.9749861690289423,False
d_head_pm,0.0032823392237896778,0.9386134504821689,1.0623642427049613,2676,-0.015313559686759595,0.7393650355210675,1.1425685108286314,2299,0.9749861690289423,False
finished_loss_share,0.00446936163367125,0.9404057974123092,0.9775766607774197,1313,0.028138925352122233,0.6408129246845338,1.1601136706130433,1278,0.9749861690289423,False
c_dist_pm,-0.0029117385159492908,0.9451021485455777,1.0633309030830866,2676,-0.03725358813243117,0.41212899453926854,1.1446047168802784,2299,0.9749861690289423,False
c_td_acc,0.002834059042350233,0.9472636511612097,1.0623380483614602,2676,-0.10204015113166033,0.02607771399691924,1.1601918786278953,2299,0.9749861690289423,False
losses_last2,0.0028895073514133827,0.9533743025237376,1.0095140025829659,1950,-0.011735299181775084,0.8211686208186108,1.0626974430982632,1788,0.9749861690289423,False
d_adj_sub,0.0024118305456337042,0.954237499265149,1.062917901300741,2676,0.027205867997657614,0.5448859581739401,1.1353752450225503,2299,0.9749861690289423,False
d_tlpm,0.0024010728702099126,0.9549247252217624,1.0627463976552387,2676,0.006007922992897667,0.8957361755945299,1.1366534820169556,2299,0.9749861690289423,False
five_n,-0.0021049041855681636,0.9621899984422541,1.0632810189699928,2676,-0.036248126901895925,0.4347463402572884,1.138239053115224,2299,0.9782935967425429,False
sk_share_kof,0.0010454720296630814,0.9808666947409328,1.0626495000412737,2676,-0.0842032138873505,0.06842669498263464,1.163796615750307,2299,0.9931275284251945,False
glicko,0.0004943039013893899,0.9918099940991484,1.0626710263969652,2676,-0.1008623091373742,0.052020896611706204,1.2012837772520242,2299,0.9960987526376527,False
sk_exp_sub,0.00042197694304806294,0.9919995808160986,1.062888961100181,2676,0.03718937508164459,0.40876216664929765,1.135150094304687,2299,0.9960987526376527,False
last_res,-0.0001977127404514244,0.9968049812378164,1.01639214390164,1944,0.049938055790153396,0.3263012605998754,1.0591859967114643,1783,0.9968049812378164,False
