scenario,era,system,start,final,multiple,ruined,bets,staked,min_bankroll,max_dd_pct,weeks_up_pct,weeks_down_pct,worst_week_pct,median_week_pct,months_up_pct,months_down_pct,worst_month_pct,median_month_pct,quarters_up_pct,quarters_down_pct,worst_quarter_pct,median_quarter_pct,years_up_pct,years_down_pct,worst_year_pct,median_year_pct
"Est. Pinnacle, mid-week (3 days before)",2013-01-01 to Sep 2026,user,100.0,1942.0,19.42,False,3170,21887.0,100.0,18.1,45.7,29.7,-7.8,0.0,64.8,34.5,-9.6,2.1,80.0,20.0,-12.6,5.0,84.6,15.4,-4.3,26.7
"Est. Pinnacle, mid-week (3 days before)",2013-01-01 to Sep 2026,user (skip stakes < R$1),100.0,1963.81,19.64,False,3013,21894.0,100.0,17.8,46.0,29.2,-8.9,0.0,64.2,35.2,-9.5,2.1,80.0,20.0,-12.4,5.0,84.6,15.4,-3.9,26.6
"Est. Pinnacle, mid-week (3 days before)",2013-01-01 to Sep 2026,user (max R$500 per bet),100.0,1942.0,19.42,False,3170,21887.0,100.0,18.1,45.7,29.7,-7.8,0.0,64.8,34.5,-9.6,2.1,80.0,20.0,-12.6,5.0,84.6,15.4,-4.3,26.7
"Est. Pinnacle, mid-week (3 days before)",2013-01-01 to Sep 2026,"user (max R$2,000 per bet)",100.0,1942.0,19.42,False,3170,21887.0,100.0,18.1,45.7,29.7,-7.8,0.0,64.8,34.5,-9.6,2.1,80.0,20.0,-12.6,5.0,84.6,15.4,-4.3,26.7
"Est. Pinnacle, mid-week (3 days before)",2013-01-01 to Sep 2026,aggressive,200.0,265062264.43,1325311.32,False,3162,12620853782.6,200.0,99.2,45.6,29.8,-83.3,0.0,61.2,38.2,-87.2,19.7,65.5,34.5,-92.9,35.6,76.9,23.1,-95.7,111.9
"Est. Pinnacle, mid-week (3 days before)",2013-01-01 to Sep 2026,aggressive (max R$500 per bet),200.0,110914.61,554.57,False,3170,1477056.52,200.0,67.1,43.1,32.3,-66.2,0.0,58.8,40.6,-61.1,1.3,69.1,30.9,-38.5,5.5,84.6,15.4,-2.8,24.4
"Est. Pinnacle, mid-week (3 days before)",2013-01-01 to Sep 2026,"aggressive (max R$2,000 per bet)",200.0,360141.43,1800.71,False,3162,4833507.35,200.0,83.4,43.2,32.2,-83.1,0.0,59.4,40.0,-78.7,2.3,65.5,34.5,-43.5,6.5,76.9,23.1,-12.3,34.2
"Est. Pinnacle, mid-week (3 days before)",2013-01-01 to Sep 2026,flat,100.0,473.33,4.73,False,3170,3630.5,100.0,10.2,45.7,29.7,-5.1,0.0,64.8,34.5,-5.6,0.7,81.8,18.2,-3.6,2.4,84.6,15.4,-0.9,11.8
"Est. Pinnacle, mid-week (3 days before)",2021-01-01 to Sep 2026,user,100.0,245.58,2.46,False,1395,1859.5,100.0,13.7,48.3,32.9,-5.7,0.0,58.0,42.0,-7.3,1.6,73.9,26.1,-9.8,4.0,60.0,40.0,-2.7,22.3
"Est. Pinnacle, mid-week (3 days before)",2021-01-01 to Sep 2026,user (skip stakes < R$1),100.0,232.82,2.33,False,1104,1692.87,98.68,12.3,46.3,34.9,-5.9,0.0,59.4,40.6,-6.6,0.9,78.3,21.7,-7.8,4.2,60.0,40.0,-1.8,18.1
"Est. Pinnacle, mid-week (3 days before)",2021-01-01 to Sep 2026,user (max R$500 per bet),100.0,245.58,2.46,False,1395,1859.5,100.0,13.7,48.3,32.9,-5.7,0.0,58.0,42.0,-7.3,1.6,73.9,26.1,-9.8,4.0,60.0,40.0,-2.7,22.3
"Est. Pinnacle, mid-week (3 days before)",2021-01-01 to Sep 2026,"user (max R$2,000 per bet)",100.0,245.58,2.46,False,1395,1859.5,100.0,13.7,48.3,32.9,-5.7,0.0,58.0,42.0,-7.3,1.6,73.9,26.1,-9.8,4.0,60.0,40.0,-2.7,22.3
"Est. Pinnacle, mid-week (3 days before)",2021-01-01 to Sep 2026,aggressive,200.0,13898.75,69.49,False,1395,574058.34,113.08,85.9,48.3,32.9,-69.9,0.0,58.0,42.0,-72.7,8.1,69.6,30.4,-77.6,24.6,60.0,40.0,-75.1,186.2
"Est. Pinnacle, mid-week (3 days before)",2021-01-01 to Sep 2026,aggressive (max R$500 per bet),200.0,10782.98,53.91,False,1395,148153.66,113.08,85.9,48.3,32.9,-69.9,0.0,56.5,43.5,-72.7,4.6,73.9,26.1,-77.6,24.6,60.0,40.0,-75.1,186.2
"Est. Pinnacle, mid-week (3 days before)",2021-01-01 to Sep 2026,"aggressive (max R$2,000 per bet)",200.0,16769.43,83.85,False,1395,380286.44,113.08,85.9,48.0,33.2,-69.9,0.0,58.0,42.0,-72.7,4.6,69.6,30.4,-77.6,24.6,60.0,40.0,-75.1,186.2
"Est. Pinnacle, mid-week (3 days before)",2021-01-01 to Sep 2026,flat,100.0,222.98,2.23,False,1395,1608.5,100.0,13.7,48.3,32.9,-5.7,0.0,58.0,42.0,-7.3,1.6,73.9,26.1,-9.8,4.0,60.0,40.0,-2.7,22.3
"Est. Pinnacle, lines just opened (14 days before)",2013-01-01 to Sep 2026,user,100.0,16309.41,163.09,False,3323,118519.0,100.0,14.3,48.8,26.6,-7.8,0.0,72.7,26.7,-8.2,3.6,80.0,20.0,-8.4,9.4,100.0,0.0,15.2,45.8
"Est. Pinnacle, lines just opened (14 days before)",2013-01-01 to Sep 2026,user (skip stakes < R$1),100.0,17931.78,179.32,False,3232,130075.5,100.0,14.2,49.2,26.2,-7.7,0.0,73.3,26.1,-8.1,3.5,80.0,20.0,-8.3,10.7,100.0,0.0,17.5,45.6
"Est. Pinnacle, lines just opened (14 days before)",2013-01-01 to Sep 2026,user (max R$500 per bet),100.0,16309.41,163.09,False,3323,118519.0,100.0,14.3,48.8,26.6,-7.8,0.0,72.7,26.7,-8.2,3.6,80.0,20.0,-8.4,9.4,100.0,0.0,15.2,45.8
"Est. Pinnacle, lines just opened (14 days before)",2013-01-01 to Sep 2026,"user (max R$2,000 per bet)",100.0,16309.41,163.09,False,3323,118519.0,100.0,14.3,48.8,26.6,-7.8,0.0,72.7,26.7,-8.2,3.6,80.0,20.0,-8.4,9.4,100.0,0.0,15.2,45.8
"Est. Pinnacle, lines just opened (14 days before)",2013-01-01 to Sep 2026,aggressive,200.0,36471319796563.71,182356598982.82,False,2705,315148307627513.75,200.0,73.7,42.1,22.0,-46.7,0.0,73.9,25.5,-56.1,23.7,83.6,16.4,-55.8,51.4,100.0,0.0,14.3,498.7
"Est. Pinnacle, lines just opened (14 days before)",2013-01-01 to Sep 2026,aggressive (max R$500 per bet),200.0,215167.38,1075.84,False,3286,1522273.47,200.0,43.7,47.8,27.1,-38.3,0.0,70.3,29.1,-41.8,1.7,81.8,18.2,-22.9,5.7,100.0,0.0,3.4,23.2
"Est. Pinnacle, lines just opened (14 days before)",2013-01-01 to Sep 2026,"aggressive (max R$2,000 per bet)",200.0,824582.09,4122.91,False,3197,5545911.99,200.0,62.1,47.0,26.6,-37.2,0.0,72.7,26.7,-56.1,2.1,81.8,18.2,-46.1,7.3,100.0,0.0,3.6,26.1
"Est. Pinnacle, lines just opened (14 days before)",2013-01-01 to Sep 2026,flat,100.0,697.08,6.97,False,3323,3955.5,100.0,8.5,48.8,26.6,-4.9,0.0,72.7,26.7,-6.2,1.1,81.8,18.2,-2.2,2.7,100.0,0.0,3.6,12.8
"Est. Pinnacle, lines just opened (14 days before)",2021-01-01 to Sep 2026,user,100.0,603.07,6.03,False,1479,3805.0,100.0,13.6,52.3,28.9,-5.9,0.1,75.4,24.6,-6.0,2.4,69.6,30.4,-5.7,8.7,100.0,0.0,11.9,51.2
"Est. Pinnacle, lines just opened (14 days before)",2021-01-01 to Sep 2026,user (skip stakes < R$1),100.0,603.84,6.04,False,1316,3682.5,100.0,9.8,53.4,27.5,-5.7,0.2,72.5,27.5,-5.5,2.1,69.6,30.4,-3.8,9.9,100.0,0.0,12.1,49.3
"Est. Pinnacle, lines just opened (14 days before)",2021-01-01 to Sep 2026,user (max R$500 per bet),100.0,603.07,6.03,False,1479,3805.0,100.0,13.6,52.3,28.9,-5.9,0.1,75.4,24.6,-6.0,2.4,69.6,30.4,-5.7,8.7,100.0,0.0,11.9,51.2
"Est. Pinnacle, lines just opened (14 days before)",2021-01-01 to Sep 2026,"user (max R$2,000 per bet)",100.0,603.07,6.03,False,1479,3805.0,100.0,13.6,52.3,28.9,-5.9,0.1,75.4,24.6,-6.0,2.4,69.6,30.4,-5.7,8.7,100.0,0.0,11.9,51.2
"Est. Pinnacle, lines just opened (14 days before)",2021-01-01 to Sep 2026,aggressive,200.0,3357800.82,16789.0,False,1255,29018242.26,200.0,73.0,45.3,24.2,-43.7,0.0,72.5,27.5,-48.9,22.4,73.9,26.1,-55.6,51.5,100.0,0.0,6.0,962.3
"Est. Pinnacle, lines just opened (14 days before)",2021-01-01 to Sep 2026,aggressive (max R$500 per bet),200.0,63573.53,317.87,False,1364,449469.33,200.0,73.0,48.3,27.5,-43.7,0.0,71.0,29.0,-48.9,9.0,69.6,30.4,-55.6,21.5,100.0,0.0,6.0,156.6
"Est. Pinnacle, lines just opened (14 days before)",2021-01-01 to Sep 2026,"aggressive (max R$2,000 per bet)",200.0,197748.25,988.74,False,1329,1260473.29,200.0,73.0,46.6,27.2,-43.7,0.0,71.0,29.0,-48.9,12.3,69.6,30.4,-55.6,36.0,100.0,0.0,6.0,233.4
"Est. Pinnacle, lines just opened (14 days before)",2021-01-01 to Sep 2026,flat,100.0,345.49,3.45,False,1479,1762.5,100.0,8.0,52.3,28.9,-4.6,0.1,75.4,24.6,-4.9,1.4,73.9,26.1,-5.0,5.4,100.0,0.0,11.9,26.4
"Est. Pinnacle, fight day",2013-01-01 to Sep 2026,user,100.0,572.65,5.73,False,2837,8526.0,100.0,22.5,43.2,32.2,-6.7,0.0,65.5,33.9,-9.8,1.4,70.9,29.1,-14.5,3.5,76.9,23.1,-17.8,16.7
"Est. Pinnacle, fight day",2013-01-01 to Sep 2026,user (skip stakes < R$1),100.0,560.51,5.61,False,2598,8127.0,100.0,21.0,43.1,32.3,-6.9,0.0,66.7,32.7,-10.0,1.5,72.7,27.3,-15.1,3.5,84.6,15.4,-17.0,14.8
"Est. Pinnacle, fight day",2013-01-01 to Sep 2026,user (max R$500 per bet),100.0,572.65,5.73,False,2837,8526.0,100.0,22.5,43.2,32.2,-6.7,0.0,65.5,33.9,-9.8,1.4,70.9,29.1,-14.5,3.5,76.9,23.1,-17.8,16.7
"Est. Pinnacle, fight day",2013-01-01 to Sep 2026,"user (max R$2,000 per bet)",100.0,572.65,5.73,False,2837,8526.0,100.0,22.5,43.2,32.2,-6.7,0.0,65.5,33.9,-9.8,1.4,70.9,29.1,-14.5,3.5,76.9,23.1,-17.8,16.7
"Est. Pinnacle, fight day",2013-01-01 to Sep 2026,aggressive,200.0,59892.11,299.46,False,2837,23522176.61,200.0,99.7,43.1,32.3,-68.2,0.0,60.0,39.4,-74.2,11.5,60.0,40.0,-91.2,20.3,53.8,46.2,-97.6,96.2
"Est. Pinnacle, fight day",2013-01-01 to Sep 2026,aggressive (max R$500 per bet),200.0,60457.39,302.29,False,2837,1215985.3,200.0,84.3,41.7,33.7,-64.8,0.0,61.8,37.6,-75.1,2.0,67.3,32.7,-66.5,6.3,76.9,23.1,-61.6,27.8
"Est. Pinnacle, fight day",2013-01-01 to Sep 2026,"aggressive (max R$2,000 per bet)",200.0,192647.84,963.24,False,2837,4034667.41,200.0,85.5,42.4,33.0,-68.2,0.0,61.8,37.6,-74.2,2.9,65.5,34.5,-66.2,7.9,69.2,30.8,-66.5,37.8
"Est. Pinnacle, fight day",2013-01-01 to Sep 2026,flat,100.0,340.27,3.4,False,2837,3159.0,100.0,9.8,43.2,32.2,-4.8,0.0,66.1,33.3,-7.0,0.7,76.4,23.6,-5.9,1.8,84.6,15.4,-6.5,6.8
"Est. Pinnacle, fight day",2021-01-01 to Sep 2026,user,100.0,154.64,1.55,False,1170,1316.39,97.81,19.5,43.3,37.9,-5.5,0.0,62.3,37.7,-7.6,1.1,73.9,26.1,-15.3,2.0,60.0,40.0,-16.5,15.9
"Est. Pinnacle, fight day",2021-01-01 to Sep 2026,user (skip stakes < R$1),100.0,146.36,1.46,False,790,1077.17,91.42,16.8,40.9,36.9,-6.5,0.0,56.5,43.5,-8.9,0.5,69.6,30.4,-15.1,2.8,60.0,40.0,-13.1,8.9
"Est. Pinnacle, fight day",2021-01-01 to Sep 2026,user (max R$500 per bet),100.0,154.64,1.55,False,1170,1316.39,97.81,19.5,43.3,37.9,-5.5,0.0,62.3,37.7,-7.6,1.1,73.9,26.1,-15.3,2.0,60.0,40.0,-16.5,15.9
"Est. Pinnacle, fight day",2021-01-01 to Sep 2026,"user (max R$2,000 per bet)",100.0,154.64,1.55,False,1170,1316.39,97.81,19.5,43.3,37.9,-5.5,0.0,62.3,37.7,-7.6,1.1,73.9,26.1,-15.3,2.0,60.0,40.0,-16.5,15.9
"Est. Pinnacle, fight day",2021-01-01 to Sep 2026,aggressive,200.0,585.71,2.93,False,1170,24639.62,63.4,88.0,43.3,37.9,-38.9,0.0,58.0,42.0,-50.3,4.6,56.5,43.5,-62.0,10.3,60.0,40.0,-70.1,39.5
"Est. Pinnacle, fight day",2021-01-01 to Sep 2026,aggressive (max R$500 per bet),200.0,585.71,2.93,False,1170,24639.62,63.4,88.0,43.3,37.9,-38.9,0.0,58.0,42.0,-50.3,4.6,56.5,43.5,-62.0,10.3,60.0,40.0,-70.1,39.5
"Est. Pinnacle, fight day",2021-01-01 to Sep 2026,"aggressive (max R$2,000 per bet)",200.0,585.71,2.93,False,1170,24639.62,63.4,88.0,43.3,37.9,-38.9,0.0,58.0,42.0,-50.3,4.6,56.5,43.5,-62.0,10.3,60.0,40.0,-70.1,39.5
"Est. Pinnacle, fight day",2021-01-01 to Sep 2026,flat,100.0,154.71,1.55,False,1170,1317.0,97.84,19.4,43.3,37.9,-5.5,0.0,62.3,37.7,-7.6,1.1,73.9,26.1,-15.3,2.0,60.0,40.0,-16.5,15.9
"Book average, mid-week",2013-01-01 to Sep 2026,user,100.0,1345.19,13.45,False,2872,16193.0,100.0,17.0,45.7,29.7,-6.6,0.0,66.1,33.3,-8.4,1.9,76.4,23.6,-13.1,4.6,92.3,7.7,-7.5,23.4
"Book average, mid-week",2013-01-01 to Sep 2026,user (skip stakes < R$1),100.0,1297.82,12.98,False,2732,15624.0,100.0,17.0,45.5,29.9,-6.1,0.0,66.7,32.7,-8.9,1.8,78.2,21.8,-13.1,4.7,92.3,7.7,-7.4,24.1
"Book average, mid-week",2013-01-01 to Sep 2026,user (max R$500 per bet),100.0,1345.19,13.45,False,2872,16193.0,100.0,17.0,45.7,29.7,-6.6,0.0,66.1,33.3,-8.4,1.9,76.4,23.6,-13.1,4.6,92.3,7.7,-7.5,23.4
"Book average, mid-week",2013-01-01 to Sep 2026,"user (max R$2,000 per bet)",100.0,1345.19,13.45,False,2872,16193.0,100.0,17.0,45.7,29.7,-6.6,0.0,66.1,33.3,-8.4,1.9,76.4,23.6,-13.1,4.6,92.3,7.7,-7.5,23.4
"Book average, mid-week",2013-01-01 to Sep 2026,aggressive,200.0,48971016.9,244855.08,False,2863,3549582977.96,200.0,97.8,45.0,30.3,-74.3,0.0,61.8,37.6,-75.9,16.7,60.0,40.0,-89.0,35.8,84.6,15.4,-94.4,104.0
"Book average, mid-week",2013-01-01 to Sep 2026,aggressive (max R$500 per bet),200.0,100731.68,503.66,False,2872,1341143.68,200.0,60.3,42.5,32.9,-54.7,0.0,60.0,39.4,-46.0,1.4,70.9,29.1,-31.8,4.9,92.3,7.7,-4.6,19.0
"Book average, mid-week",2013-01-01 to Sep 2026,"aggressive (max R$2,000 per bet)",200.0,310731.46,1553.66,False,2863,4391051.02,200.0,76.7,42.8,32.6,-73.5,0.0,60.6,38.8,-72.9,2.2,69.1,30.9,-43.6,6.9,92.3,7.7,-6.6,26.1
"Book average, mid-week",2013-01-01 to Sep 2026,flat,100.0,426.82,4.27,False,2872,3263.5,100.0,9.4,45.7,29.7,-4.8,0.0,66.1,33.3,-5.2,0.7,78.2,21.8,-3.9,2.3,92.3,7.7,-1.7,9.8
"Book average, mid-week",2021-01-01 to Sep 2026,user,100.0,183.45,1.83,False,1113,1265.0,100.0,14.0,47.7,33.6,-5.4,0.0,63.8,36.2,-7.1,1.2,69.6,30.4,-11.3,3.8,80.0,20.0,-4.9,23.0
"Book average, mid-week",2021-01-01 to Sep 2026,user (skip stakes < R$1),100.0,169.95,1.7,False,827,1110.73,96.32,13.1,46.0,32.9,-6.3,0.0,62.3,37.7,-7.6,0.9,69.6,30.4,-10.6,4.2,80.0,20.0,-2.3,12.1
"Book average, mid-week",2021-01-01 to Sep 2026,user (max R$500 per bet),100.0,183.45,1.83,False,1113,1265.0,100.0,14.0,47.7,33.6,-5.4,0.0,63.8,36.2,-7.1,1.2,69.6,30.4,-11.3,3.8,80.0,20.0,-4.9,23.0
"Book average, mid-week",2021-01-01 to Sep 2026,"user (max R$2,000 per bet)",100.0,183.45,1.83,False,1113,1265.0,100.0,14.0,47.7,33.6,-5.4,0.0,63.8,36.2,-7.1,1.2,69.6,30.4,-11.3,3.8,80.0,20.0,-4.9,23.0
"Book average, mid-week",2021-01-01 to Sep 2026,aggressive,200.0,2170.24,10.85,False,1113,104049.41,135.64,75.3,47.7,33.6,-43.0,0.0,59.4,40.6,-64.0,5.2,60.9,39.1,-60.5,19.8,60.0,40.0,-50.3,61.2
"Book average, mid-week",2021-01-01 to Sep 2026,aggressive (max R$500 per bet),200.0,2494.46,12.47,False,1113,87423.44,135.64,75.3,47.0,34.2,-39.8,0.0,59.4,40.6,-54.4,5.2,60.9,39.1,-60.5,19.8,60.0,40.0,-50.3,61.2
"Book average, mid-week",2021-01-01 to Sep 2026,"aggressive (max R$2,000 per bet)",200.0,2170.24,10.85,False,1113,104049.41,135.64,75.3,47.7,33.6,-43.0,0.0,59.4,40.6,-64.0,5.2,60.9,39.1,-60.5,19.8,60.0,40.0,-50.3,61.2
"Book average, mid-week",2021-01-01 to Sep 2026,flat,100.0,183.45,1.83,False,1113,1265.0,100.0,14.0,47.7,33.6,-5.4,0.0,63.8,36.2,-7.1,1.2,69.6,30.4,-11.3,3.8,80.0,20.0,-4.9,23.0
REAL Pinnacle closing odds (2013-2020 only),2013-01-01 to 2020-12-31,user,100.0,462.34,4.62,False,1849,4436.0,100.0,14.6,37.1,26.6,-7.3,0.0,61.9,27.8,-9.2,1.1,75.8,12.1,-7.0,3.9,87.5,12.5,-1.1,17.2
REAL Pinnacle closing odds (2013-2020 only),2013-01-01 to 2020-12-31,user (skip stakes < R$1),100.0,560.89,5.61,False,1744,5313.0,100.0,14.5,37.3,26.3,-7.2,0.0,61.9,27.8,-8.7,1.2,75.8,12.1,-6.4,5.4,87.5,12.5,-1.9,24.3
REAL Pinnacle closing odds (2013-2020 only),2013-01-01 to 2020-12-31,user (max R$500 per bet),100.0,462.34,4.62,False,1849,4436.0,100.0,14.6,37.1,26.6,-7.3,0.0,61.9,27.8,-9.2,1.1,75.8,12.1,-7.0,3.9,87.5,12.5,-1.1,17.2
REAL Pinnacle closing odds (2013-2020 only),2013-01-01 to 2020-12-31,"user (max R$2,000 per bet)",100.0,462.34,4.62,False,1849,4436.0,100.0,14.6,37.1,26.6,-7.3,0.0,61.9,27.8,-9.2,1.1,75.8,12.1,-7.0,3.9,87.5,12.5,-1.1,17.2
REAL Pinnacle closing odds (2013-2020 only),2013-01-01 to 2020-12-31,aggressive,200.0,3218205.41,16091.03,False,1849,178532270.71,200.0,92.5,37.1,26.6,-83.0,0.0,56.7,33.0,-80.0,10.1,60.6,27.3,-72.1,29.5,75.0,25.0,-68.3,257.1
REAL Pinnacle closing odds (2013-2020 only),2013-01-01 to 2020-12-31,aggressive (max R$500 per bet),200.0,64388.19,321.94,False,1849,827171.54,200.0,69.0,36.1,27.5,-52.5,0.0,59.8,29.9,-49.3,1.4,63.6,24.2,-40.3,7.2,87.5,12.5,-8.1,29.4
REAL Pinnacle closing odds (2013-2020 only),2013-01-01 to 2020-12-31,"aggressive (max R$2,000 per bet)",200.0,214815.23,1074.08,False,1849,2758069.77,200.0,88.4,36.6,27.0,-83.0,0.0,59.8,29.9,-80.0,1.8,66.7,21.2,-72.1,11.3,75.0,25.0,-12.2,38.5
REAL Pinnacle closing odds (2013-2020 only),2013-01-01 to 2020-12-31,flat,100.0,316.53,3.17,False,1849,2142.0,100.0,8.5,37.1,26.6,-6.5,0.0,62.9,26.8,-5.5,0.8,81.8,6.1,-2.4,2.4,87.5,12.5,-0.0,12.1
