event,event_url,date
UFC on ESPN+ 1: Cejudo vs. Dillashaw,/events/ufc-on-espn-1-cejudo-vs-dillashaw-1623,2019-01-19
UFC on ESPN+ 2: Assuncao vs. Moraes 2,/events/ufc-on-espn-2-assuncao-vs-moraes-2-1628,2019-02-02
UFC 234: Adesanya vs. Silva,/events/ufc-234-adesanya-vs-silva-1620,2019-02-09
UFC on ESPN 1: Ngannou vs. Velasquez,/events/ufc-on-espn-1-ngannou-vs-velasquez-1637,2019-02-17
UFC on ESPN+ 3: Blachowicz vs. Santos,/events/ufc-on-espn-3-blachowicz-vs-santos-1638,2019-02-23
UFC 235: Jones vs. Smith,/events/ufc-235-jones-vs-smith-1625,2019-03-02
UFC on ESPN+ 4: Lewis vs. Dos Santos,/events/ufc-on-espn-4-lewis-vs-dos-santos-1639,2019-03-09
UFC on ESPN+ 5: Till vs. Masvidal,/events/ufc-on-espn-5-till-vs-masvidal-1626,2019-03-16
UFC on ESPN+ 6: Thompson vs. Pettis,/events/ufc-on-espn-6-thompson-vs-pettis-1654,2019-03-23
UFC on ESPN 2: Barboza vs. Gaethje,/events/ufc-on-espn-2-barboza-vs-gaethje-1648,2019-03-30
UFC 236: Holloway vs. Poirier 2,/events/ufc-236-holloway-vs-poirier-2-1666,2019-04-13
UFC on ESPN+ 7: Overeem vs. Oleinik,/events/ufc-on-espn-7-overeem-vs-oleinik-1673,2019-04-20
UFC on ESPN+ 8: Jacare vs. Hermansson,/events/ufc-on-espn-8-jacare-vs-hermansson-1657,2019-04-27
UFC on ESPN+ 9: Iaquinta vs. Cowboy,/events/ufc-on-espn-9-iaquinta-vs-cowboy-1672,2019-05-04
UFC 237: Namajunas vs. Andrade,/events/ufc-237-namajunas-vs-andrade-1647,2019-05-11
UFC on ESPN+ 10: Dos Anjos vs. Lee,/events/ufc-on-espn-10-dos-anjos-vs-lee-1674,2019-05-18
UFC on ESPN+ 11: Gustafsson vs. Smith,/events/ufc-on-espn-11-gustafsson-vs-smith-1676,2019-06-01
UFC 238: Cejudo vs. Moraes,/events/ufc-238-cejudo-vs-moraes-1677,2019-06-08
UFC on ESPN+ 12: Moicano vs. The Korean Zombie,/events/ufc-on-espn-12-moicano-vs-the-korean-zombie-1680,2019-06-22
UFC on ESPN 3: Ngannou vs. Dos Santos,/events/ufc-on-espn-3-ngannou-vs-dos-santos-1687,2019-06-29
UFC 239: Jones vs. Santos,/events/ufc-239-jones-vs-santos-1686,2019-07-06
UFC on ESPN+ 13: De Randamie vs. Ladd,/events/ufc-on-espn-13-de-randamie-vs-ladd-1714,2019-07-13
UFC on ESPN 4: Dos Anjos vs. Edwards,/events/ufc-on-espn-4-dos-anjos-vs-edwards-1717,2019-07-20
UFC 240: Holloway vs. Edgar,/events/ufc-240-holloway-vs-edgar-1713,2019-07-27
UFC on ESPN 5: Covington vs. Lawler,/events/ufc-on-espn-5-covington-vs-lawler-1734,2019-08-03
UFC on ESPN+ 14: Shevchenko vs. Carmouche 2,/events/ufc-on-espn-14-shevchenko-vs-carmouche-2-1724,2019-08-10
UFC 241: Cormier vs. Miocic 2,/events/ufc-241-cormier-vs-miocic-2-1709,2019-08-17
UFC on ESPN+ 15: Andrade vs. Zhang,/events/ufc-on-espn-15-andrade-vs-zhang-1733,2019-08-31
UFC 242: Khabib vs. Poirier,/events/ufc-242-khabib-vs-poirier-1715,2019-09-07
UFC on ESPN+ 16: Cowboy vs. Gaethje,/events/ufc-on-espn-16-cowboy-vs-gaethje-1735,2019-09-14
UFC on ESPN+ 17: Rodriguez vs. Stephens,/events/ufc-on-espn-17-rodriguez-vs-stephens-1753,2019-09-21
UFC on ESPN+ 18: Hermansson vs. Cannonier,/events/ufc-on-espn-18-hermansson-vs-cannonier-1747,2019-09-28
UFC 243: Whittaker vs. Adesanya,/events/ufc-243-whittaker-vs-adesanya-1752,2019-10-05
UFC on ESPN+ 19: Joanna vs. Waterson,/events/ufc-on-espn-19-joanna-vs-waterson-1751,2019-10-12
UFC on ESPN 6: Reyes vs. Weidman,/events/ufc-on-espn-6-reyes-vs-weidman-1764,2019-10-18
UFC on ESPN+ 20: Maia vs. Askren,/events/ufc-on-espn-20-maia-vs-askren-1793,2019-10-26
UFC 244: Masvidal vs. Diaz,/events/ufc-244-masvidal-vs-diaz-1771,2019-11-02
UFC on ESPN+ 21: Zabit vs. Kattar,/events/ufc-on-espn-21-zabit-vs-kattar-1795,2019-11-09
UFC on ESPN+ 22: Blachowicz vs. Jacare,/events/ufc-on-espn-22-blachowicz-vs-jacare-1755,2019-11-16
UFC on ESPN 7: Overeem vs. Rozenstruik,/events/ufc-on-espn-7-overeem-vs-rozenstruik-1785,2019-12-07
UFC 245: Usman vs. Covington,/events/ufc-245-usman-vs-covington-1787,2019-12-14
UFC on ESPN+ 23: Edgar vs. The Korean Zombie,/events/ufc-on-espn-23-edgar-vs-the-korean-zombie-1803,2019-12-21
UFC 246: McGregor vs. Cowboy,/events/ufc-246-mcgregor-vs-cowboy-1839,2020-01-18
UFC on ESPN+ 24: Blaydes vs. Dos Santos,/events/ufc-on-espn-24-blaydes-vs-dos-santos-1841,2020-01-25
UFC 247: Jones vs. Reyes,/events/ufc-247-jones-vs-reyes-1837,2020-02-08
UFC on ESPN+ 25: Anderson vs. Blachowicz 2,/events/ufc-on-espn-25-anderson-vs-blachowicz-2-1848,2020-02-15
UFC on ESPN+ 26: Felder vs. Hooker,/events/ufc-on-espn-26-felder-vs-hooker-1846,2020-02-22
UFC on ESPN+ 27: Benavidez vs. Figueiredo,/events/ufc-on-espn-27-benavidez-vs-figueiredo-1862,2020-02-29
UFC 248: Adesanya vs. Romero,/events/ufc-248-adesanya-vs-romero-1849,2020-03-07
UFC on ESPN+ 28: Lee vs. Oliveira,/events/ufc-on-espn-28-lee-vs-oliveira-1847,2020-03-14
UFC 249: Ferguson vs. Gaethje,/events/ufc-249-ferguson-vs-gaethje-1875,2020-05-09
UFC on ESPN+ 29: Smith vs. Teixeira,/events/ufc-on-espn-29-smith-vs-teixeira-1876,2020-05-13
UFC on ESPN 8: Overeem vs. Harris,/events/ufc-on-espn-8-overeem-vs-harris-1908,2020-05-16
UFC on ESPN 9: Woodley vs. Burns,/events/ufc-on-espn-9-woodley-vs-burns-1910,2020-05-30
UFC 250: Nunes vs. Spencer,/events/ufc-250-nunes-vs-spencer-1909,2020-06-06
UFC on ESPN 10: Eye vs. Calvillo,/events/ufc-on-espn-10-eye-vs-calvillo-1898,2020-06-13
UFC on ESPN 11: Blaydes vs. Volkov,/events/ufc-on-espn-11-blaydes-vs-volkov-1897,2020-06-20
UFC on ESPN 12: Poirier vs. Hooker,/events/ufc-on-espn-12-poirier-vs-hooker-1895,2020-06-27
UFC 251: Usman vs. Masvidal,/events/ufc-251-usman-vs-masvidal-1890,2020-07-11
UFC on ESPN 13: Kattar vs. Ige,/events/ufc-on-espn-13-kattar-vs-ige-1917,2020-07-15
UFC on ESPN+ 30: Figueiredo vs. Benavidez 2,/events/ufc-on-espn-30-figueiredo-vs-benavidez-2-1913,2020-07-18
UFC on ESPN 14: Whittaker vs. Till,/events/ufc-on-espn-14-whittaker-vs-till-1903,2020-07-25
UFC on ESPN+ 31: Brunson vs. Shahbazyan,/events/ufc-on-espn-31-brunson-vs-shahbazyan-1918,2020-08-01
UFC on ESPN+ 32: Lewis vs. Oleinik,/events/ufc-on-espn-32-lewis-vs-oleinik-1885,2020-08-08
UFC 252: Miocic vs. Cormier 3,/events/ufc-252-miocic-vs-cormier-3-1919,2020-08-15
UFC on ESPN 15: Munhoz vs. Edgar,/events/ufc-on-espn-15-munhoz-vs-edgar-1931,2020-08-22
UFC on ESPN+ 33: Smith vs. Rakic,/events/ufc-on-espn-33-smith-vs-rakic-1932,2020-08-29
UFC on ESPN+ 34: Overeem vs. Sakai,/events/ufc-on-espn-34-overeem-vs-sakai-1953,2020-09-05
UFC on ESPN+ 35: Waterson vs. Hill,/events/ufc-on-espn-35-waterson-vs-hill-1945,2020-09-12
UFC on ESPN+ 36: Covington vs. Woodley,/events/ufc-on-espn-36-covington-vs-woodley-1944,2020-09-19
UFC 253: Adesanya vs. Costa,/events/ufc-253-adesanya-vs-costa-1952,2020-09-26
UFC on ESPN 16: Holm vs. Aldana,/events/ufc-on-espn-16-holm-vs-aldana-1970,2020-10-03
UFC on ESPN+ 37: Moraes vs. Sandhagen,/events/ufc-on-espn-37-moraes-vs-sandhagen-1965,2020-10-10
UFC on ESPN+ 38: Ortega vs. The Korean Zombie,/events/ufc-on-espn-38-ortega-vs-the-korean-zombie-1971,2020-10-17
UFC 254: Khabib vs. Gaethje,/events/ufc-254-khabib-vs-gaethje-1958,2020-10-24
UFC on ESPN+ 39: Hall vs. Silva,/events/ufc-on-espn-39-hall-vs-silva-1973,2020-10-31
UFC on ESPN+ 40: Santos vs. Teixeira,/events/ufc-on-espn-40-santos-vs-teixeira-1974,2020-11-07
UFC Fight Night 182: Felder vs. dos Anjos,/events/ufc-fight-night-182-felder-vs-dos-anjos-1981,2020-11-14
UFC 255: Figueiredo vs. Perez,/events/ufc-255-figueiredo-vs-perez-1967,2020-11-21
UFC on ESPN 18: Smith vs. Clark,/events/ufc-on-espn-18-smith-vs-clark-1979,2020-11-28
UFC on ESPN 19: Hermansson vs. Vettori,/events/ufc-on-espn-19-hermansson-vs-vettori-1982,2020-12-05
UFC 256: Figueiredo vs. Moreno,/events/ufc-256-figueiredo-vs-moreno-1983,2020-12-12
UFC Fight Night 183: Thompson vs. Neal,/events/ufc-fight-night-183-thompson-vs-neal-2000,2020-12-19
UFC on ABC 1: Holloway vs. Kattar,/events/ufc-on-abc-1-holloway-vs-kattar-2009,2021-01-16
UFC on ESPN 20: Chiesa vs. Magny,/events/ufc-on-espn-20-chiesa-vs-magny-2044,2021-01-20
UFC 257: Poirier vs. McGregor 2,/events/ufc-257-poirier-vs-mcgregor-2-2016,2021-01-23
UFC Fight Night 184: Overeem vs. Volkov,/events/ufc-fight-night-184-overeem-vs-volkov-2029,2021-02-06
UFC 258: Usman vs. Burns,/events/ufc-258-usman-vs-burns-2033,2021-02-13
UFC Fight Night 185: Blaydes vs. Lewis,/events/ufc-fight-night-185-blaydes-vs-lewis-2035,2021-02-20
UFC Fight Night 186: Rozenstruik vs. Gane,/events/ufc-fight-night-186-rozenstruik-vs-gane-2039,2021-02-27
UFC 259: Blachowicz vs. Adesanya,/events/ufc-259-blachowicz-vs-adesanya-2038,2021-03-06
UFC Fight Night 187: Edwards vs. Muhammad,/events/ufc-fight-night-187-edwards-vs-muhammad-2048,2021-03-13
UFC on ESPN 21: Brunson vs. Holland,/events/ufc-on-espn-21-brunson-vs-holland-2053,2021-03-20
UFC 260: Miocic vs. Ngannou 2,/events/ufc-260-miocic-vs-ngannou-2-2055,2021-03-27
UFC on ABC 2: Vettori vs. Holland,/events/ufc-on-abc-2-vettori-vs-holland-2061,2021-04-10
UFC on ESPN 22: Whittaker vs. Gastelum,/events/ufc-on-espn-22-whittaker-vs-gastelum-2062,2021-04-17
UFC 261: Usman vs. Masvidal 2,/events/ufc-261-usman-vs-masvidal-2-2087,2021-04-24
UFC on ESPN 23: Reyes vs. Prochazka,/events/ufc-on-espn-23-reyes-vs-prochazka-2074,2021-05-01
UFC on ESPN 24: Rodriguez vs. Waterson,/events/ufc-on-espn-24-rodriguez-vs-waterson-2075,2021-05-08
UFC 262: Oliveira vs. Chandler,/events/ufc-262-oliveira-vs-chandler-2086,2021-05-15
UFC Fight Night 188: Font vs. Garbrandt,/events/ufc-fight-night-188-font-vs-garbrandt-2085,2021-05-22
UFC Fight Night 189: Rozenstruik vs. Sakai,/events/ufc-fight-night-189-rozenstruik-vs-sakai-2108,2021-06-05
UFC 263: Adesanya vs. Vettori 2,/events/ufc-263-adesanya-vs-vettori-2-2115,2021-06-12
UFC on ESPN: The Korean Zombie vs. Ige,/events/ufc-on-espn-the-korean-zombie-vs-ige-2130,2021-06-19
UFC Fight Night 190: Gane vs. Volkov,/events/ufc-fight-night-190-gane-vs-volkov-2109,2021-06-26
UFC 264: Poirier vs. McGregor 3,/events/ufc-264-poirier-vs-mcgregor-3-2127,2021-07-10
UFC on ESPN: Makhachev vs. Moises,/events/ufc-on-espn-makhachev-vs-moises-2139,2021-07-17
UFC on ESPN: Sandhagen vs. Dillashaw,/events/ufc-on-espn-sandhagen-vs-dillashaw-2137,2021-07-24
UFC on ESPN: Hall vs. Strickland,/events/ufc-on-espn-hall-vs-strickland-2165,2021-07-31
UFC 265: Lewis vs. Gane,/events/ufc-265-lewis-vs-gane-2142,2021-08-07
UFC on ESPN: Cannonier vs. Gastelum,/events/ufc-on-espn-cannonier-vs-gastelum-2166,2021-08-21
UFC on ESPN: Barboza vs. Chikadze,/events/ufc-on-espn-barboza-vs-chikadze-2251,2021-08-28
UFC Fight Night 191,/events/ufc-fight-night-191-2213,2021-09-04
UFC Fight Night: Smith vs. Spann,/events/ufc-fight-night-smith-vs-spann-2171,2021-09-18
UFC 266: Volkanovski vs. Ortega,/events/ufc-266-volkanovski-vs-ortega-2177,2021-09-25
UFC Fight Night: Santos vs. Walker,/events/ufc-fight-night-santos-vs-walker-2167,2021-10-02
UFC Fight Night: Dern vs. Rodriguez,/events/ufc-fight-night-dern-vs-rodriguez-2173,2021-10-09
UFC Fight Night: Ladd vs. Dumont,/events/ufc-fight-night-ladd-vs-dumont-2178,2021-10-16
UFC Fight Night: Costa vs. Vettori,/events/ufc-fight-night-costa-vs-vettori-2203,2021-10-23
UFC 267: Brachowicz vs. Teixeira,/events/ufc-267-brachowicz-vs-teixeira-2217,2021-10-30
UFC 268: Usman vs. Covington 2,/events/ufc-268-usman-vs-covington-2-2246,2021-11-06
UFC Fight Night: Holloway vs. Rodriguez,/events/ufc-fight-night-holloway-vs-rodriguez-2224,2021-11-13
UFC Fight Night: Vieira vs. Tate,/events/ufc-fight-night-vieira-vs-tate-2237,2021-11-20
UFC Fight Night: Font vs. Aldo,/events/ufc-fight-night-font-vs-aldo-2259,2021-12-04
UFC 269,/events/ufc-269-2279,2021-12-11
UFC Fight Night: Lewis vs. Daukaus,/events/ufc-fight-night-lewis-vs-daukaus-2286,2021-12-18
UFC,/events/ufc-2292,2021-12-31
UFC Fight Night 201,/events/ufc-fight-night-201-2320,2022-01-15
UFC 270,/events/ufc-270-2322,2022-01-22
UFC Fight Night 202,/events/ufc-fight-night-202-2339,2022-02-05
UFC Vegas 47,/events/ufc-vegas-47-2430,2022-02-06
UFC 271,/events/ufc-271-2338,2022-02-12
UFC,/events/ufc-2413,2022-02-19
UFC Fight Night 203,/events/ufc-fight-night-203-2343,2022-02-26
UFC Fight Night 204,/events/ufc-fight-night-204-2380,2022-03-05
UFC,/events/ufc-2414,2022-03-12
UFC Fight Night 205,/events/ufc-fight-night-205-2376,2022-03-19
UFC Fight Night 207,/events/ufc-fight-night-207-2391,2022-03-26
UFC 273,/events/ufc-273-2411,2022-04-09
UFC Fight Night: UFC Fight Night 206,/events/ufc-fight-night-ufc-fight-night-206-2412,2022-04-16
UFC Fight Night,/events/ufc-fight-night-2506,2022-04-17
UFC Fight Night: Lemos vs. Andrade,/events/ufc-fight-night-lemos-vs-andrade-2435,2022-04-23
UFC Vegas 53,/events/ufc-vegas-53-2514,2022-04-24
UFC Fight Night: Font vs. Vera,/events/ufc-fight-night-font-vs-vera-2474,2022-04-30
UFC 274: Oliveira vs. Gaethje,/events/ufc-274-oliveira-vs-gaethje-2422,2022-05-07
UFC Fight Night 208,/events/ufc-fight-night-208-2418,2022-05-14
UFC Fight Night 2010,/events/ufc-fight-night-2010-2428,2022-05-21
UFC Fight Night 211,/events/ufc-fight-night-211-2441,2022-06-04
Road to UFC 2,/events/road-to-ufc-2-2557,2022-06-09
Road to UFC 4,/events/road-to-ufc-4-2558,2022-06-10
UFC 275,/events/ufc-275-2457,2022-06-11
UFC 275: Teixeira vs. Prochazka,/events/ufc-275-teixeira-vs-prochazka-2561,2022-06-12
UFC Fight Night: Kattar vs. Emmett,/events/ufc-fight-night-kattar-vs-emmett-2523,2022-06-18
UFC on ESPN: Tsarukyan vs. Gamrot,/events/ufc-on-espn-tsarukyan-vs-gamrot-2574,2022-06-25
UFC 276: Adesanya vs. Cannonier,/events/ufc-276-adesanya-vs-cannonier-2478,2022-07-02
UFC on ESPN: dos Anjos vs. Fiziev,/events/ufc-on-espn-dos-anjos-vs-fiziev-2501,2022-07-09
UFC on ABC: Ortega vs. Rodriguez,/events/ufc-on-abc-ortega-vs-rodriguez-2524,2022-07-16
UFC Fight Night: Blaydes vs. Aspinall,/events/ufc-fight-night-blaydes-vs-aspinall-2519,2022-07-23
UFC 277: Pena vs. Nunes 2,/events/ufc-277-pena-vs-nunes-2-2517,2022-07-30
UFC on ESPN: Santos vs. Hill,/events/ufc-on-espn-santos-vs-hill-2534,2022-08-06
UFC Fight Night: Vera vs. Cruz,/events/ufc-fight-night-vera-vs-cruz-2552,2022-08-13
UFC 278: Usman vs. Edwards 2,/events/ufc-278-usman-vs-edwards-2-2545,2022-08-20
UFC Fight Night: Gane vs. Tuivasa,/events/ufc-fight-night-gane-vs-tuivasa-2518,2022-09-03
UFC 279,/events/ufc-279-2541,2022-09-10
UFC Fight Night 211,/events/ufc-fight-night-211-2569,2022-09-17
UFC Vegas 57,/events/ufc-vegas-57-2489,2022-10-01
UFC Fight Night 212,/events/ufc-fight-night-212-2579,2022-10-15
UFC 281,/events/ufc-281-2586,2022-10-22
Road to UFC,/events/road-to-ufc-2681,2022-10-23
UFC Fight Night 213,/events/ufc-fight-night-213-2606,2022-10-29
UFC Fight Night 214ting Championship,/events/ufc-fight-night-214ting-championship-2612,2022-11-05
UFC 281,/events/ufc-281-2529,2022-11-12
UFC Fight Night 215,/events/ufc-fight-night-215-2633,2022-11-19
UFC Fight Night 214,/events/ufc-fight-night-214-2607,2022-12-03
UFC 282,/events/ufc-282-2621,2022-12-10
UFC Fight Pass Invitational 3,/events/ufc-fight-pass-invitational-3-2740,2022-12-15
UFC Fight Night 217,/events/ufc-fight-night-217-2632,2022-12-17
UFC Fight Night 218,/events/ufc-fight-night-218-2666,2023-01-14
UFC 283,/events/ufc-283-2635,2023-01-21
UFC Fight Night: Lewis vs. Spivak,/events/ufc-fight-night-lewis-vs-spivak-2747,2023-02-04
UFC 284,/events/ufc-284-2688,2023-02-11
UFC 284: Makhachev vs. Volkanovski,/events/ufc-284-makhachev-vs-volkanovski-2710,2023-02-12
UFC Fight Night 219,/events/ufc-fight-night-219-2700,2023-02-18
UFC Fight Night 220,/events/ufc-fight-night-220-2709,2023-02-25
UFC 285,/events/ufc-285-2738,2023-03-04
UFC Fight Night 221,/events/ufc-fight-night-221-2719,2023-03-11
UFC 286,/events/ufc-286-2746,2023-03-18
UFC Fight Night 222,/events/ufc-fight-night-222-2724,2023-03-25
UFC 287,/events/ufc-287-2760,2023-04-08
UFC Fight Night: Holloway vs. Allen,/events/ufc-fight-night-holloway-vs-allen-2796,2023-04-15
UFC Fight Night 223,/events/ufc-fight-night-223-2770,2023-04-22
UFC Fight Night 224,/events/ufc-fight-night-224-2776,2023-04-29
UFC Fight Night 225,/events/ufc-fight-night-225-2777,2023-05-06
UFC Fight Night: Smith vs Walker,/events/ufc-fight-night-smith-vs-walker-2850,2023-05-13
UFC Fight Night 226,/events/ufc-fight-night-226-2807,2023-05-20
Road to UFC,/events/road-to-ufc-2909,2023-05-27
Road to UFC,/events/road-to-ufc-2910,2023-05-28
UFC on ESPN: Hermansson vs. Allen,/events/ufc-on-espn-hermansson-vs-allen-2870,2023-06-03
UFC 289,/events/ufc-289-2830,2023-06-10
UFC Fight Night 227,/events/ufc-fight-night-227-2849,2023-06-17
UFC Fight Night 228,/events/ufc-fight-night-228-2848,2023-06-24
UFC Fight Night: Strickland vs. Magomedov,/events/ufc-fight-night-strickland-vs-magomedov-2871,2023-07-01
UFC Fight Night,/events/ufc-fight-night-2937,2023-07-02
UFC 290,/events/ufc-290-2834,2023-07-08
UFC,/events/ufc-2921,2023-07-09
UFC Fight Night 225,/events/ufc-fight-night-225-2891,2023-07-15
UFC 292,/events/ufc-292-2886,2023-07-22
UFC 291,/events/ufc-291-2900,2023-07-29
UFC,/events/ufc-2922,2023-07-30
UFC,/events/ufc-2982,2023-07-31
UFC Fight Night: Sandhagen vs. Nurmagomedov,/events/ufc-fight-night-sandhagen-vs-nurmagomedov-2936,2023-08-05
UFC,/events/ufc-2974,2023-08-06
UFC Fight Night 226,/events/ufc-fight-night-226-2905,2023-08-12
UFC 292: Sterling vs O'Malley,/events/ufc-292-sterling-vs-o-malley-2899,2023-08-19
UFC,/events/ufc-2990,2023-08-20
UFC on ESPN: Holloway vs. The Korean Zombie,/events/ufc-on-espn-holloway-vs-the-korean-zombie-2935,2023-08-26
Road to UFC,/events/road-to-ufc-3013,2023-08-27
UFC on ESPN: Gane vs. Spivak,/events/ufc-on-espn-gane-vs-spivak-2934,2023-09-02
UFC 293,/events/ufc-293-3009,2023-09-09
UFC 293,/events/ufc-293-2925,2023-09-10
UFC Fight Night: Grasso vs. Shevchenko 2,/events/ufc-fight-night-grasso-vs-shevchenko-2-2951,2023-09-16
UFC,/events/ufc-3020,2023-09-17
UFC on ESPN 53,/events/ufc-on-espn-53-2967,2023-09-23
UFC Fight Night,/events/ufc-fight-night-3043,2023-10-07
UFC,/events/ufc-3034,2023-10-08
UFC Fight Night,/events/ufc-fight-night-3052,2023-10-14
UFC Fight Night,/events/ufc-fight-night-3051,2023-10-15
UFC 294,/events/ufc-294-2908,2023-10-21
UFC,/events/ufc-2970,2023-11-04
UFC,/events/ufc-2988,2023-11-05
UFC 295: Jones vs. Miocic,/events/ufc-295-jones-vs-miocic-2957,2023-11-11
UFC,/events/ufc-3004,2023-11-12
UFC,/events/ufc-3105,2023-11-18
UFC Fight Night,/events/ufc-fight-night-3107,2023-12-02
UFC,/events/ufc-3057,2023-12-03
UFC,/events/ufc-3133,2023-12-10
UFC,/events/ufc-3056,2023-12-16
UFC,/events/ufc-3053,2023-12-17
UFC,/events/ufc-2971,2023-12-31
UFC,/events/ufc-3123,2024-01-13
UFC,/events/ufc-3122,2024-01-20
UFC 297,/events/ufc-297-3106,2024-01-21
UFC Fight Night,/events/ufc-fight-night-3158,2024-02-03
UFC Fight Night,/events/ufc-fight-night-3160,2024-02-04
Road to UFC,/events/road-to-ufc-3188,2024-02-04
UFC,/events/ufc-3163,2024-02-10
UFC,/events/ufc-3194,2024-02-11
UFC,/events/ufc-3156,2024-02-17
UFC 298,/events/ufc-298-3112,2024-02-18
UFC,/events/ufc-3162,2024-02-25
UFC,/events/ufc-3193,2024-03-02
UFC,/events/ufc-3157,2024-03-09
UFC 299,/events/ufc-299-3155,2024-03-10
UFC,/events/ufc-3192,2024-03-16
UFC,/events/ufc-3206,2024-03-17
UFC,/events/ufc-3202,2024-03-23
UFC,/events/ufc-3174,2024-03-24
UFC,/events/ufc-3225,2024-03-30
UFC,/events/ufc-3173,2024-03-31
UFC,/events/ufc-3230,2024-04-06
UFC,/events/ufc-3159,2024-04-13
UFC 300,/events/ufc-300-3205,2024-04-14
UFC,/events/ufc-3252,2024-04-27
UFC,/events/ufc-3260,2024-04-28
UFC,/events/ufc-3231,2024-05-04
UFC,/events/ufc-3271,2024-05-05
UFC,/events/ufc-3238,2024-05-11
UFC,/events/ufc-3278,2024-05-12
Road to UFC,/events/road-to-ufc-3305,2024-05-18
UFC,/events/ufc-3290,2024-05-18
Road to UFC,/events/road-to-ufc-3306,2024-05-19
UFC,/events/ufc-3270,2024-06-01
UFC,/events/ufc-3269,2024-06-02
UFC Fight Night,/events/ufc-fight-night-3313,2024-06-08
UFC,/events/ufc-3170,2024-06-09
UFC,/events/ufc-3318,2024-06-15
UFC,/events/ufc-3277,2024-06-22
UFC,/events/ufc-3161,2024-06-29
UFC 303,/events/ufc-303-3283,2024-06-30
UFC,/events/ufc-3336,2024-07-13
UFC Fight Night,/events/ufc-fight-night-3363,2024-07-14
UFC Fight Night,/events/ufc-fight-night-3373,2024-07-20
UFC Fight Night,/events/ufc-fight-night-3372,2024-07-21
UFC,/events/ufc-3374,2024-07-27
UFC,/events/ufc-3307,2024-07-28
UFC,/events/ufc-3320,2024-08-03
UFC,/events/ufc-3406,2024-08-10
UFC,/events/ufc-3407,2024-08-11
UFC,/events/ufc-3410,2024-08-17
UFC,/events/ufc-3350,2024-08-18
UFC,/events/ufc-3414,2024-08-24
Road to UFC,/events/road-to-ufc-3442,2024-08-24
UFC,/events/ufc-3441,2024-08-25
UFC,/events/ufc-3415,2024-09-07
UFC,/events/ufc-3362,2024-09-08
UFC 306,/events/ufc-306-3399,2024-09-14
UFC,/events/ufc-3371,2024-09-15
UFC,/events/ufc-3427,2024-09-28
UFC 307,/events/ufc-307-3449,2024-10-05
UFC,/events/ufc-3433,2024-10-06
UFC,/events/ufc-3500,2024-10-12
UFC Fight Night,/events/ufc-fight-night-3501,2024-10-13
UFC,/events/ufc-3513,2024-10-19
UFC,/events/ufc-3412,2024-10-26
UFC Fight Night,/events/ufc-fight-night-3450,2024-11-02
UFC Fight Night,/events/ufc-fight-night-3436,2024-11-03
UFC Fight Night,/events/ufc-fight-night-3531,2024-11-09
UFC,/events/ufc-3537,2024-11-10
UFC,/events/ufc-3538,2024-11-16
UFC,/events/ufc-3476,2024-11-17
UFC,/events/ufc-3549,2024-11-23
UFC,/events/ufc-3522,2024-12-08
UFC Fight Night,/events/ufc-fight-night-3544,2024-12-15
UFC Fight Night,/events/ufc-fight-night-3593,2025-01-11
UFC Fight Night,/events/ufc-fight-night-3586,2025-01-12
UFC 311,/events/ufc-311-3596,2025-01-18
UFC,/events/ufc-3570,2025-01-19
UFC,/events/ufc-3592,2025-02-01
UFC,/events/ufc-3617,2025-02-08
UFC,/events/ufc-3626,2025-02-09
UFC,/events/ufc-3630,2025-02-15
UFC,/events/ufc-3638,2025-02-16
UFC,/events/ufc-3604,2025-02-22
UFC,/events/ufc-3601,2025-02-23
UFC,/events/ufc-3642,2025-03-01
UFC,/events/ufc-3600,2025-03-02
UFC 313,/events/ufc-313-3650,2025-03-08
UFC,/events/ufc-3612,2025-03-09
UFC,/events/ufc-3655,2025-03-15
UFC Fight Night,/events/ufc-fight-night-3651,2025-03-16
UFC,/events/ufc-3578,2025-03-22
UFC Fight Night,/events/ufc-fight-night-3668,2025-03-29
UFC Fight Night,/events/ufc-fight-night-3667,2025-03-30
UFC,/events/ufc-3671,2025-04-05
UFC Fight Night,/events/ufc-fight-night-3676,2025-04-06
UFC,/events/ufc-3654,2025-04-12
UFC,/events/ufc-3611,2025-04-13
UFC Fight Night,/events/ufc-fight-night-3688,2025-04-26
UFC,/events/ufc-3656,2025-04-27
UFC Fight Night,/events/ufc-fight-night-3694,2025-05-03
UFC,/events/ufc-3665,2025-05-04
UFC 315,/events/ufc-315-3708,2025-05-10
UFC,/events/ufc-3644,2025-05-11
UFC,/events/ufc-3719,2025-05-17
UFC,/events/ufc-3722,2025-05-18
Road to UFC,/events/road-to-ufc-3734,2025-05-22
Road to UFC,/events/road-to-ufc-3735,2025-05-23
UFC,/events/ufc-3727,2025-05-31
UFC,/events/ufc-3741,2025-06-01
UFC 316,/events/ufc-316-3702,2025-06-07
UFC,/events/ufc-3684,2025-06-08
UFC Fight Night,/events/ufc-fight-night-3715,2025-06-14
UFC Fight Night,/events/ufc-fight-night-3716,2025-06-15
UFC Fight Night,/events/ufc-fight-night-3701,2025-06-21
UFC,/events/ufc-3726,2025-06-28
UFC,/events/ufc-3725,2025-06-29
UFC Fight Night,/events/ufc-fight-night-3748,2025-07-12
UFC Fight Night,/events/ufc-fight-night-3749,2025-07-13
UFC,/events/ufc-3706,2025-07-20
UFC,/events/ufc-3724,2025-07-26
UFC Fight Night: Albazi vs Taira Odds,/events/ufc-fight-night-albazi-vs-taira-odds-3777,2025-08-02
UFC,/events/ufc-3791,2025-08-03
UFC Fight Night: Dolidze vs. Hernandez Odds,/events/ufc-fight-night-dolidze-vs-hernandez-odds-3789,2025-08-09
UFC 319 Odds,/events/ufc-319-odds-3767,2025-08-16
UFC 319,/events/ufc-319-3800,2025-08-17
Road to UFC,/events/road-to-ufc-3819,2025-08-22
UFC,/events/ufc-3818,2025-08-22
UFC,/events/ufc-3812,2025-08-23
UFC Fight Night,/events/ufc-fight-night-3775,2025-09-06
UFC Fight Night,/events/ufc-fight-night-3794,2025-09-13
UFC Fight Night,/events/ufc-fight-night-3776,2025-09-14
UFC Fight Night,/events/ufc-fight-night-3840,2025-09-27
UFC Fight Night,/events/ufc-fight-night-3846,2025-09-28
UFC BJJ 3,/events/ufc-bjj-3-3874,2025-10-03
UFC 320,/events/ufc-320-3853,2025-10-04
UFC 320 Odds,/events/ufc-320-odds-3779,2025-10-05
UFC Rio,/events/ufc-rio-3872,2025-10-11
UFC,/events/ufc-3869,2025-10-12
UFC Fight Night,/events/ufc-fight-night-3822,2025-10-18
UFC 321 Odds,/events/ufc-321-odds-3780,2025-10-25
UFC Vegas 110,/events/ufc-vegas-110-3913,2025-11-01
UFC Vegas 111,/events/ufc-vegas-111-3918,2025-11-08
UFC Vegas 111,/events/ufc-vegas-111-3917,2025-11-09
UFC 322,/events/ufc-322-3924,2025-11-15
UFC 322,/events/ufc-322-3830,2025-11-16
UFC Qatar,/events/ufc-qatar-3941,2025-11-22
UFC 323,/events/ufc-323-3951,2025-12-06
UFC,/events/ufc-3895,2025-12-07
UFC BJJ 4,/events/ufc-bjj-4-3989,2025-12-12
UFC Vegas 112,/events/ufc-vegas-112-3987,2025-12-14
UFC,/events/ufc-3525,2026-01-01
UFC 324,/events/ufc-324-3973,2026-01-24
UFC,/events/ufc-3970,2026-01-25
UFC,/events/ufc-3971,2026-02-01
UFC Fight Night,/events/ufc-fight-night-4026,2026-02-07
UFC Vegas 113,/events/ufc-vegas-113-4033,2026-02-08
UFC BJJ5,/events/ufc-bjj5-4050,2026-02-13
UFC Houston,/events/ufc-houston-4044,2026-02-21
UFC,/events/ufc-3996,2026-02-22
UFC Mexico,/events/ufc-mexico-4053,2026-02-28
UFC Mexico,/events/ufc-mexico-4052,2026-03-01
UFC 326,/events/ufc-326-4065,2026-03-07
UFC,/events/ufc-4025,2026-03-08
UFC BJJ 6,/events/ufc-bjj-6-4088,2026-03-13
UFC Vegas 114,/events/ufc-vegas-114-4080,2026-03-14
UFC London,/events/ufc-london-4081,2026-03-21
UFC Seattle,/events/ufc-seattle-4095,2026-03-28
UFC Seattle,/events/ufc-seattle-4018,2026-03-29
UFC BJJ 7,/events/ufc-bjj-7-4123,2026-04-03
UFC Vegas 115,/events/ufc-vegas-115-4107,2026-04-04
UFC 327,/events/ufc-327-4074,2026-04-11
UFC Winnipeg,/events/ufc-winnipeg-4130,2026-04-18
UFC Winnipeg,/events/ufc-winnipeg-4145,2026-04-19
UFC Vegas 116,/events/ufc-vegas-116-4147,2026-04-25
UFC Perth,/events/ufc-perth-4079,2026-05-02
UFC 328,/events/ufc-328-4165,2026-05-09
UFC Vegas 117,/events/ufc-vegas-117-4186,2026-05-16
UFC Vegas 117,/events/ufc-vegas-117-4178,2026-05-17
UFC BJJ 8,/events/ufc-bjj-8-4197,2026-05-22
Road to UFC,/events/road-to-ufc-4206,2026-05-28
Road to UFC,/events/road-to-ufc-4207,2026-05-29
UFC Macau,/events/ufc-macau-4188,2026-05-30
UFC BJJ 9,/events/ufc-bjj-9-4220,2026-06-05
UFC Vegas 118,/events/ufc-vegas-118-4200,2026-06-06
UFC Freedom Fights 250,/events/ufc-freedom-fights-250-4082,2026-06-15
UFC Vegas 119,/events/ufc-vegas-119-4225,2026-06-20
UFC Vegas 119,/events/ufc-vegas-119-4226,2026-06-21
UFC Fight Night,/events/ufc-fight-night-4230,2026-06-27
UFC 329,/events/ufc-329-4252,2026-07-11
UFC Oklahoma,/events/ufc-oklahoma-4195,2026-07-18
UFC Abu Dhabi,/events/ufc-abu-dhabi-4216,2026-07-25
UFC Belgrade,/events/ufc-belgrade-4285,2026-08-01
UFC Vegas 120,/events/ufc-vegas-120-4301,2026-08-08
Noche UFC,/events/noche-ufc-4299,2026-08-13
UFC 330,/events/ufc-330-4237,2026-08-15
UFC 330,/events/ufc-330-4297,2026-08-16
UFC BJJ 10,/events/ufc-bjj-10-4322,2026-08-21
UFC Sacramento,/events/ufc-sacramento-4320,2026-08-22
UFC Sacramento,/events/ufc-sacramento-4311,2026-08-23
Road to UFC,/events/road-to-ufc-4332,2026-08-28
UFC Shanghai,/events/ufc-shanghai-4257,2026-08-29
UFC Fight Night,/events/ufc-fight-night-4326,2026-09-05
UFC 331,/events/ufc-331-4303,2026-09-10
UFC Glendale,/events/ufc-glendale-4328,2026-09-12
Noche UFC,/events/noche-ufc-4318,2026-09-13
UFC 331,/events/ufc-331-4302,2026-09-19
UFC 331,/events/ufc-331-4358,2026-09-20
UFC 332,/events/ufc-332-4330,2026-10-04
UFC 333,/events/ufc-333-4321,2026-10-24
