title,date
The Ultimate Fighter 1 Finale,2026-03-01
The Ultimate Fighter 2 Finale,2026-03-01
The Ultimate Fighter 3 Finale,2026-03-01
The Ultimate Fighter 4 Finale,2026-03-01
The Ultimate Fighter 5 Finale,2026-03-01
The Ultimate Fighter: Heavyweights Finale,2026-03-01
The Ultimate Fighter: Team Bisping vs. Team Miller Finale,2013-02-01
The Ultimate Fighter: Team GSP vs. Team Koscheck Finale,2026-03-01
The Ultimate Fighter: Team Hughes vs. Team Serra Finale,2026-03-01
The Ultimate Fighter: Team Lesnar vs. Team dos Santos Finale,2026-03-01
The Ultimate Fighter: Team Liddell vs. Team Ortiz Finale,2026-03-01
The Ultimate Fighter: Team Nogueira vs. Team Mir Finale,2017-02-01
The Ultimate Fighter: Team Rampage vs. Team Forrest Finale,2026-03-01
The Ultimate Fighter: United States vs. United Kingdom Finale,2026-03-01
UFC 1,1993-11-12
UFC 10,1996-07-12
UFC 100,2009-07-11
UFC 101,2009-08-08
UFC 102,2009-08-29
UFC 103,2009-09-19
UFC 104,2009-10-24
UFC 105,2022-04-01
UFC 106,2009-11-21
UFC 107,2009-12-12
UFC 108,2010-01-02
UFC 109,2012-05-01
UFC 11,1996-09-20
UFC 110,2011-08-01
UFC 111,2010-03-27
UFC 112,2010-04-10
UFC 113,2010-05-08
UFC 114,2010-05-29
UFC 115,2010-06-12
UFC 116,2010-07-03
UFC 117,2010-08-07
UFC 118,2010-08-28
UFC 119,2010-09-25
UFC 12,1997-02-07
UFC 120,2022-04-01
UFC 121,2010-10-23
UFC 122,2010-11-13
UFC 123,2010-11-20
UFC 124,2010-12-11
UFC 125,2011-01-01
UFC 126,2011-02-05
UFC 127,2021-02-01
UFC 128,2011-03-19
UFC 129,2011-04-30
UFC 13,1997-05-30
UFC 130,2011-05-28
UFC 131,2011-06-11
UFC 132,2011-07-02
UFC 133,2011-08-06
UFC 134,2011-08-27
UFC 135,2011-09-24
UFC 136,2011-10-08
UFC 137,2011-10-29
UFC 138,2022-04-01
UFC 139,2011-11-19
UFC 14,1997-07-27
UFC 140,2011-12-10
UFC 141,2011-12-30
UFC 142,2012-01-14
UFC 143,2012-02-04
UFC 144,2012-02-26
UFC 145,2012-04-21
UFC 146,2012-05-26
UFC 147,2012-06-23
UFC 148,2012-07-07
UFC 15,1997-10-17
UFC 150,2012-08-11
UFC 152,2012-09-22
UFC 153,2012-10-13
UFC 154,2012-11-17
UFC 155,2012-12-29
UFC 156,2013-02-02
UFC 157,2013-02-23
UFC 158,2013-03-16
UFC 159,2013-04-27
UFC 16,1998-03-13
UFC 160,2013-05-25
UFC 161,2013-06-15
UFC 162,2013-07-06
UFC 163,2013-08-03
UFC 164,2013-08-31
UFC 165,2013-09-21
UFC 166,2013-10-19
UFC 167,2013-11-16
UFC 168,2013-12-28
UFC 169,2014-02-01
UFC 17,1998-05-15
UFC 170,2014-02-22
UFC 171,2014-03-15
UFC 172,2014-04-26
UFC 173,2014-05-24
UFC 174,2014-06-14
UFC 175,2014-07-05
UFC 177,2014-08-30
UFC 178,2014-09-27
UFC 179,2014-10-25
UFC 18,1999-01-08
UFC 180,2014-11-15
UFC 181,2014-12-06
UFC 182,2014-12-01
UFC 183,2015-01-31
UFC 184,2015-02-28
UFC 185,2015-03-14
UFC 186,2015-04-25
UFC 187,2015-05-23
UFC 188,2015-06-13
UFC 189,2015-07-11
UFC 19,1999-03-05
UFC 190,2015-08-01
UFC 191,2015-09-05
UFC 192,2015-10-03
UFC 193,2016-07-01
UFC 194,2015-12-12
UFC 195,2016-01-02
UFC 196,2016-03-05
UFC 197,2016-04-23
UFC 198,2016-05-14
UFC 199,2016-06-04
UFC 2,1994-03-11
UFC 20,1999-05-07
UFC 200,2016-07-09
UFC 201,2016-07-30
UFC 202,2016-08-20
UFC 203,2016-09-10
UFC 204,2022-04-01
UFC 205,2016-11-12
UFC 206,2016-12-10
UFC 207,2016-12-30
UFC 208,2018-05-01
UFC 209,2017-03-04
UFC 21,1999-07-16
UFC 210,2017-04-08
UFC 211,2018-05-01
UFC 212,2017-06-03
UFC 213,2017-07-08
UFC 214,2017-07-29
UFC 215,2017-09-09
UFC 216,2017-10-07
UFC 217,2017-11-04
UFC 218,2017-12-02
UFC 219,2017-12-30
UFC 22,1999-09-24
UFC 220,2018-01-20
UFC 221,2018-02-11
UFC 222,2018-03-03
UFC 223,2018-04-07
UFC 224,2018-05-12
UFC 225,2018-06-09
UFC 226,2018-07-07
UFC 227,2018-08-04
UFC 228,2018-09-08
UFC 229,2018-10-06
UFC 23,1999-11-19
UFC 230,2018-11-03
UFC 231,2018-12-08
UFC 232,2018-12-29
UFC 234,2019-02-10
UFC 235,2019-03-02
UFC 236,2019-04-13
UFC 237,2019-05-11
UFC 238,2019-06-08
UFC 239,2019-07-06
UFC 24,2000-03-10
UFC 240,2019-07-27
UFC 241,2019-08-17
UFC 242,2019-09-07
UFC 243,2019-10-06
UFC 244,2022-07-01
UFC 245,2019-12-14
UFC 246,2020-01-18
UFC 247,2020-02-08
UFC 248,2020-03-07
UFC 249,2020-05-09
UFC 25,2000-04-14
UFC 250,2020-06-06
UFC 251,2020-07-12
UFC 252,2020-08-15
UFC 253,2020-09-01
UFC 254,2020-10-24
UFC 255,2020-11-21
UFC 256,2020-12-12
UFC 257,2021-01-24
UFC 258,2021-02-13
UFC 259,2021-03-06
UFC 26,2000-06-09
UFC 260,2021-03-27
UFC 261,2021-04-24
UFC 262,2021-05-15
UFC 263,2021-06-12
UFC 264,2021-07-10
UFC 265,2021-08-07
UFC 266,2021-06-01
UFC 267,2021-10-30
UFC 268,2021-11-06
UFC 269,2021-12-11
UFC 27,2000-09-22
UFC 270,2022-01-22
UFC 271,2022-02-12
UFC 272,2022-03-05
UFC 273,2022-04-09
UFC 274,2022-05-07
UFC 275,2022-06-12
UFC 276,2022-07-02
UFC 277,2022-07-30
UFC 278,2022-08-20
UFC 279,2022-09-10
UFC 28,2000-11-17
UFC 280,2022-10-22
UFC 281,2022-11-12
UFC 282,2022-12-10
UFC 283,2023-01-21
UFC 284,2023-02-12
UFC 285,2023-03-04
UFC 286,2023-03-18
UFC 287,2023-04-08
UFC 288,2023-05-06
UFC 289,2023-06-10
UFC 29,2000-12-16
UFC 290,2023-07-08
UFC 291,2023-07-29
UFC 292,2023-08-19
UFC 293,2023-09-10
UFC 294,2023-10-21
UFC 295,2023-11-11
UFC 296,2023-12-16
UFC 297,2024-01-20
UFC 298,2024-02-17
UFC 299,2024-03-09
UFC 30,2001-02-23
UFC 300,2024-04-13
UFC 301,2024-05-04
UFC 302,2024-06-01
UFC 303,2024-06-29
UFC 304,2024-07-27
UFC 305,2024-08-18
UFC 306,2024-09-14
UFC 307,2024-10-05
UFC 308,2024-10-26
UFC 309,2024-11-16
UFC 31,2001-05-04
UFC 310,2024-12-07
UFC 311,2025-01-18
UFC 312,2025-02-09
UFC 313,2025-03-08
UFC 314,2025-04-12
UFC 315,2025-05-10
UFC 316,2025-06-07
UFC 317,2025-06-28
UFC 318,2025-07-19
UFC 319,2025-08-16
UFC 32,2001-06-29
UFC 320,2025-10-04
UFC 321,2025-10-25
UFC 322,2025-11-15
UFC 323,2025-12-06
UFC 324,2026-01-24
UFC 325,2026-02-01
UFC 326,2026-03-07
UFC 327,2026-04-11
UFC 328,2026-05-09
UFC 329,2026-07-11
UFC 33,2001-09-28
UFC 330,2026-08-15
UFC 331,2026-09-19
UFC 332,2026-10-03
UFC 333,2026-10-24
UFC 334,2026-11-14
UFC 335,2026-12-12
UFC 34,2001-11-02
UFC 35,2002-01-11
UFC 36,2002-03-22
UFC 37,2002-05-10
UFC 37.5,2002-06-22
UFC 38,2022-04-01
UFC 39,2002-09-27
UFC 4,1994-12-16
UFC 40,2002-11-22
UFC 41,2003-02-28
UFC 42,2003-04-25
UFC 43,2003-06-06
UFC 44,2003-09-26
UFC 45,2003-11-21
UFC 46,2004-01-31
UFC 47,2004-04-02
UFC 48,2004-06-19
UFC 49,2004-08-21
UFC 5,1995-04-07
UFC 50,2004-10-22
UFC 51,2005-02-05
UFC 52,2005-04-16
UFC 53,2005-06-04
UFC 54,2005-08-20
UFC 55,2005-10-07
UFC 56,2005-11-19
UFC 57,2006-02-04
UFC 58,2006-03-04
UFC 59,2006-04-15
UFC 6,1995-07-14
UFC 60,2006-05-27
UFC 61,2006-07-08
UFC 62,2006-08-26
UFC 63,2006-09-23
UFC 64,2006-10-14
UFC 65,2006-11-18
UFC 66,2006-12-30
UFC 67,2007-02-03
UFC 68,2007-03-03
UFC 69,2007-04-07
UFC 7,1995-09-08
UFC 70,2022-04-01
UFC 71,2007-05-26
UFC 72,2021-01-01
UFC 73,2007-07-07
UFC 74,2007-08-25
UFC 75,2022-04-01
UFC 76,2007-09-22
UFC 77,2007-10-20
UFC 78,2007-11-17
UFC 79,2007-12-29
UFC 8,1996-02-16
UFC 80,2008-01-19
UFC 81,2008-02-02
UFC 82,2008-03-01
UFC 83,2008-04-19
UFC 84,2008-05-24
UFC 85,2022-04-01
UFC 86,2008-07-05
UFC 87,2008-08-09
UFC 88,2008-09-06
UFC 89,2022-04-01
UFC 9,1996-05-17
UFC 90,2008-10-25
UFC 91,2008-11-15
UFC 92,2008-12-27
UFC 93,2022-04-01
UFC 94,2009-01-31
UFC 95,2022-04-01
UFC 96,2009-03-07
UFC 97,2009-04-18
UFC 98,2009-05-23
UFC 99,2009-06-13
UFC BJJ,2025-06-01
UFC Brazil,1998-10-16
UFC Fight Night 292,2026-10-31
UFC Fight Night: Adesanya vs. Imavov,2025-02-01
UFC Fight Night: Adesanya vs. Pyfer,2026-03-28
UFC Fight Night: Allen vs. Costa,2026-05-16
UFC Fight Night: Allen vs. Craig,2023-11-18
UFC Fight Night: Allen vs. Curtis 2,2024-04-06
UFC Fight Night: Allen vs. Duncan,2026-10-10
UFC Fight Night: Almeida vs. Garbrandt,2016-05-29
UFC Fight Night: Almeida vs. Lewis,2023-11-04
UFC Fight Night: Anderson vs. Błachowicz 2,2020-02-15
UFC Fight Night: Andrade vs. Blanchfield,2023-02-18
UFC Fight Night: Andrade vs. Zhang,2019-08-31
UFC Fight Night: Ankalaev vs. Guskov,2026-07-25
UFC Fight Night: Ankalaev vs. Walker 2,2024-01-13
UFC Fight Night: Arlovski vs. Barnett,2016-09-03
UFC Fight Night: Aspinall vs. Tybura,2023-07-22
UFC Fight Night: Assunção vs. Moraes 2,2019-02-02
UFC Fight Night: Bader vs. Nogueira 2,2016-11-19
UFC Fight Night: Bader vs. Saint Preux,2014-08-16
UFC Fight Night: Barboza vs. Lee,2018-04-21
UFC Fight Night: Barboza vs. Murphy,2024-05-18
UFC Fight Night: Barnett vs. Nelson,2015-09-27
UFC Fight Night: Bautista vs. Oliveira,2026-02-07
UFC Fight Night: Belfort vs. Gastelum,2017-03-11
UFC Fight Night: Belfort vs. Henderson 2,2013-11-09
UFC Fight Night: Belfort vs. Henderson 3,2015-11-07
UFC Fight Night: Benavidez vs. Figueiredo,2020-02-29
UFC Fight Night: Bermudez vs. The Korean Zombie,2017-02-04
UFC Fight Night: Bigfoot vs. Arlovski,2014-09-13
UFC Fight Night: Bigfoot vs. Mir,2015-02-22
UFC Fight Night: Bisping vs. Gastelum,2017-11-25
UFC Fight Night: Bisping vs. Le,2014-08-23
UFC Fight Night: Bisping vs. Leites,2017-07-01
UFC Fight Night: Blaydes vs. Aspinall,2022-07-23
UFC Fight Night: Blaydes vs. Lewis,2021-02-20
UFC Fight Night: Blaydes vs. Ngannou 2,2018-11-24
UFC Fight Night: Blaydes vs. dos Santos,2020-01-25
UFC Fight Night: Boetsch vs. Henderson,2015-06-06
UFC Fight Night: Bonfim vs. Brady,2026-11-07
UFC Fight Night: Bonfim vs. Brown,2025-11-08
UFC Fight Night: Brown vs. Silva,2014-05-10
UFC Fight Night: Brunson vs. Machida,2017-10-28
UFC Fight Night: Brunson vs. Shahbazyan,2020-08-01
UFC Fight Night: Brunson vs. Till,2021-09-04
UFC Fight Night: Buckley vs. Malott,2026-10-17
UFC Fight Night: Burns vs. Brady,2024-09-07
UFC Fight Night: Burns vs. Malott,2026-04-18
UFC Fight Night: Burns vs. Morales,2025-05-17
UFC Fight Night: Błachowicz vs. Jacaré,2019-11-16
UFC Fight Night: Błachowicz vs. Santos,2019-02-23
UFC Fight Night: Cannonier vs. Rodrigues,2025-02-15
UFC Fight Night: Cannonier vs. Strickland,2022-12-17
UFC Fight Night: Cejudo vs. Dillashaw,2019-01-19
UFC Fight Night: Cejudo vs. Song,2025-02-22
UFC Fight Night: Chiesa vs. Lee,2017-06-25
UFC Fight Night: Condit vs. Alves,2015-05-30
UFC Fight Night: Condit vs. Kampmann,2009-04-01
UFC Fight Night: Condit vs. Kampmann 2,2013-08-28
UFC Fight Night: Costa vs. Vettori,2021-10-23
UFC Fight Night: Covington vs. Woodley,2020-09-19
UFC Fight Night: Cowboy vs. Cowboy,2016-02-21
UFC Fight Night: Cowboy vs. Edwards,2018-06-23
UFC Fight Night: Cowboy vs. Gaethje,2019-09-14
UFC Fight Night: Cowboy vs. Medeiros,2018-02-18
UFC Fight Night: Cowboy vs. Miller,2014-07-16
UFC Fight Night: Cowboy vs. Till,2017-10-21
UFC Fight Night: Cyborg vs. Länsberg,2016-09-24
UFC Fight Night: Dawson vs. Green,2023-10-07
UFC Fight Night: Della Maddalena vs. Prates,2026-05-02
UFC Fight Night: Dern vs. Hill,2023-05-20
UFC Fight Night: Dern vs. Ribas 2,2025-01-11
UFC Fight Night: Dern vs. Rodriguez,2021-10-09
UFC Fight Night: Dern vs. Yan,2022-10-01
UFC Fight Night: Diaz vs. Guillard,2009-09-16
UFC Fight Night: Diaz vs. Neer,2008-09-17
UFC Fight Night: Dillashaw vs. Cruz,2016-01-17
UFC Fight Night: Dolidze vs. Imavov,2024-02-03
UFC Fight Night: Edgar vs. Faber,2015-05-16
UFC Fight Night: Edgar vs. Swanson,2014-11-22
UFC Fight Night: Edgar vs. The Korean Zombie,2019-12-21
UFC Fight Night: Edwards vs. Brady,2025-03-22
UFC Fight Night: Edwards vs. Muhammad,2021-03-13
UFC Fight Night: Emmett vs. Vallejos,2026-03-14
UFC Fight Night: Evans vs. Salmon,2007-01-25
UFC Fight Night: Evloev vs. Murphy,2026-03-21
UFC Fight Night: Felder vs. Hooker,2020-02-23
UFC Fight Night: Felder vs. dos Anjos,2020-11-14
UFC Fight Night: Figueiredo vs. Benavidez 2,2020-07-19
UFC Fight Night: Fiziev vs. Gamrot,2023-09-23
UFC Fight Night: Fiziev vs. Torres,2026-06-27
UFC Fight Night: Florian vs. Gomi,2010-03-31
UFC Fight Night: Florian vs. Lauzon,2008-04-02
UFC Fight Night: Font vs. Garbrandt,2021-05-22
UFC Fight Night: Gaethje vs. Vick,2018-08-25
UFC Fight Night: Gamrot vs. Salkilld,2026-08-08
UFC Fight Night: Gane vs. Spivac,2023-09-02
UFC Fight Night: Gane vs. Tuivasa,2022-09-03
UFC Fight Night: Gane vs. Volkov,2021-06-26
UFC Fight Night: Garcia vs. Onama,2025-11-01
UFC Fight Night: Gonzaga vs. Cro Cop 2,2015-04-11
UFC Fight Night: Grasso vs. Araújo,2022-10-15
UFC Fight Night: Grasso vs. Shevchenko 2,2023-09-16
UFC Fight Night: Gustafsson vs. Manuwa,2022-04-01
UFC Fight Night: Gustafsson vs. Smith,2019-06-01
UFC Fight Night: Gustafsson vs. Teixeira,2017-05-28
UFC Fight Night: Hall vs. Silva,2020-10-31
UFC Fight Night: Henderson vs. Khabilov,2014-06-07
UFC Fight Night: Henderson vs. Masvidal,2015-11-28
UFC Fight Night: Henderson vs. Thatch,2015-02-14
UFC Fight Night: Henderson vs. dos Anjos,2014-08-23
UFC Fight Night: Hendricks vs. Thompson,2016-02-06
UFC Fight Night: Hermansson vs. Cannonier,2019-09-28
UFC Fight Night: Hermansson vs. Pyfer,2024-02-10
UFC Fight Night: Hermansson vs. Strickland,2022-02-05
UFC Fight Night: Hernandez vs. Pereira,2024-10-19
UFC Fight Night: Hernandez vs. Rodrigues,2026-08-22
UFC Fight Night: Holloway vs. Oliveira,2015-08-23
UFC Fight Night: Holloway vs. Rodríguez,2021-11-13
UFC Fight Night: Holloway vs. The Korean Zombie,2023-08-26
UFC Fight Night: Holm vs. Correia,2017-06-17
UFC Fight Night: Holm vs. Vieira,2022-05-21
UFC Fight Night: Holohan vs. Smolka,2022-04-01
UFC Fight Night: Hooker vs. Parnasse,2026-09-05
UFC Fight Night: Hunt vs. Bigfoot,2020-06-01
UFC Fight Night: Hunt vs. Mir,2020-06-01
UFC Fight Night: Hunt vs. Nelson,2014-09-20
UFC Fight Night: Hunt vs. Oleinik,2018-09-15
UFC Fight Night: Iaquinta vs. Cowboy,2019-05-04
UFC Fight Night: Imavov vs. Borralho,2025-09-06
UFC Fight Night: Jacaré vs. Hermansson,2019-04-27
UFC Fight Night: Jacaré vs. Mousasi,2014-09-05
UFC Fight Night: Joanna vs. Waterson,2019-10-12
UFC Fight Night: Jędrzejczyk vs. Penne,2015-06-20
UFC Fight Night: Kape vs. Almabayev,2025-03-01
UFC Fight Night: Kape vs. Horiguchi,2026-06-20
UFC Fight Night: Kattar vs. Allen,2022-10-29
UFC Fight Night: Ladd vs. Dumont,2021-10-16
UFC Fight Night: Lauzon vs. Stephens,2009-02-07
UFC Fight Night: Lee vs. Oliveira,2020-03-14
UFC Fight Night: Lemos vs. Andrade,2022-04-23
UFC Fight Night: Lewis vs. Abdurakhimov,2016-12-09
UFC Fight Night: Lewis vs. Browne,2017-02-19
UFC Fight Night: Lewis vs. Daukaus,2021-12-18
UFC Fight Night: Lewis vs. Hunt,2017-03-01
UFC Fight Night: Lewis vs. Oleinik,2020-08-08
UFC Fight Night: Lewis vs. Spivac,2023-02-04
UFC Fight Night: Lewis vs. dos Santos,2019-03-09
UFC Fight Night: Lineker vs. Dodson,2016-10-01
UFC Fight Night: Lopes vs. Silva,2025-09-13
UFC Fight Night: MacDonald vs. Saffiedine,2014-10-04
UFC Fight Night: MacDonald vs. Thompson,2016-06-18
UFC Fight Night: Machida vs. Anders,2018-02-03
UFC Fight Night: Machida vs. Dollaway,2014-12-20
UFC Fight Night: Machida vs. Mousasi,2014-02-15
UFC Fight Night: Machida vs. Muñoz,2022-04-01
UFC Fight Night: Machida vs. Romero,2015-06-27
UFC Fight Night: Magny vs. Ponzinibbio,2018-11-17
UFC Fight Night: Magny vs. Prates,2024-11-09
UFC Fight Night: Magomedsharipov vs. Kattar,2019-11-09
UFC Fight Night: Maia vs. Askren,2019-10-26
UFC Fight Night: Maia vs. LaFlare,2015-03-21
UFC Fight Night: Maia vs. Shields,2013-10-09
UFC Fight Night: Maia vs. Usman,2018-05-19
UFC Fight Night: Makhachev vs. Green,2022-02-26
UFC Fight Night: Manuwa vs. Anderson,2017-06-01
UFC Fight Night: Marquardt vs. Palhares,2010-09-15
UFC Fight Night: Maynard vs. Diaz,2012-05-01
UFC Fight Night: McDonald vs. Lineker,2016-07-13
UFC Fight Night: McGregor vs. Brandão,2022-04-01
UFC Fight Night: McGregor vs. Siver,2015-01-18
UFC Fight Night: Medić vs. Rodriguez,2026-08-01
UFC Fight Night: Mendes vs. Lamas,2015-04-04
UFC Fight Night: Miocic vs. Hunt,2015-08-01
UFC Fight Night: Mir vs. Duffee,2015-07-15
UFC Fight Night: Moicano vs. Duncan,2026-04-04
UFC Fight Night: Moicano vs. Saint Denis,2024-09-28
UFC Fight Night: Moicano vs. The Korean Zombie,2019-06-22
UFC Fight Night: Moraes vs. Sandhagen,2020-10-11
UFC Fight Night: Moreno vs. Albazi,2024-11-02
UFC Fight Night: Moreno vs. Kavanagh,2026-02-28
UFC Fight Night: Moreno vs. Royval 2,2024-02-24
UFC Fight Night: Mousasi vs. Hall 2,2017-06-01
UFC Fight Night: Muhammad vs. Bonfim,2026-06-06
UFC Fight Night: Muniz vs. Allen,2023-02-25
UFC Fight Night: Muñoz vs. Mousasi,2014-05-31
UFC Fight Night: Namajunas vs. VanZant,2015-12-10
UFC Fight Night: Nelson vs. Ponzinibbio,2022-04-01
UFC Fight Night: Nelson vs. Story,2014-10-04
UFC Fight Night: Nogueira vs. Davis,2011-03-26
UFC Fight Night: Nogueira vs. Nelson,2014-04-11
UFC Fight Night: Nurmagomedov vs. Song,2026-08-29
UFC Fight Night: Nzechukwu vs. Cuțelaba,2022-11-19
UFC Fight Night: Oliveira vs. Gamrot,2025-10-11
UFC Fight Night: Ortega vs. The Korean Zombie,2020-10-18
UFC Fight Night: Overeem vs. Arlovski,2016-05-08
UFC Fight Night: Overeem vs. Oleinik,2019-04-20
UFC Fight Night: Overeem vs. Sakai,2020-09-05
UFC Fight Night: Overeem vs. Volkov,2021-02-06
UFC Fight Night: Pavlovich vs. Blaydes,2023-04-22
UFC Fight Night: Pettis vs. Moreno,2017-08-05
UFC Fight Night: Poirier vs. Johnson,2016-09-17
UFC Fight Night: Poirier vs. Pettis,2017-11-11
UFC Fight Night: Rivera vs. Moraes,2018-06-01
UFC Fight Night: Rockhold vs. Bisping,2014-11-08
UFC Fight Night: Rockhold vs. Branch,2017-09-16
UFC Fight Night: Rockhold vs. Philippou,2014-01-15
UFC Fight Night: Rodriguez vs. Lemos,2022-11-05
UFC Fight Night: Rodríguez vs. Caceres,2016-08-06
UFC Fight Night: Rodríguez vs. Penn,2017-01-15
UFC Fight Night: Rodríguez vs. Stephens,2019-09-21
UFC Fight Night: Rosas Jr. vs. Barcelos,2026-09-26
UFC Fight Night: Rothwell vs. dos Santos,2016-04-10
UFC Fight Night: Royval vs. Taira,2024-10-12
UFC Fight Night: Rozenstruik vs. Gane,2021-02-27
UFC Fight Night: Rozenstruik vs. Gaziev,2024-03-02
UFC Fight Night: Rozenstruik vs. Sakai,2021-06-05
UFC Fight Night: Saffiedine vs. Lim,2014-01-04
UFC Fight Night: Saint Preux vs. Okami,2017-09-23
UFC Fight Night: Sanchez vs. Parisyan,2006-08-17
UFC Fight Night: Sanchez vs. Riggs,2006-12-13
UFC Fight Night: Sandhagen vs. Song,2022-09-17
UFC Fight Night: Santos vs. Anders,2018-09-22
UFC Fight Night: Santos vs. Ankalaev,2022-03-12
UFC Fight Night: Santos vs. Walker,2021-10-02
UFC Fight Night: Shevchenko vs. Carmouche 2,2019-08-10
UFC Fight Night: Shields vs. Ellenberger,2011-09-17
UFC Fight Night: Shogun vs. Henderson 2,2014-03-23
UFC Fight Night: Shogun vs. Saint Preux,2014-11-08
UFC Fight Night: Shogun vs. Smith,2018-07-22
UFC Fight Night: Shogun vs. Sonnen,2013-08-17
UFC Fight Night: Silva vs. Bisping,2017-06-01
UFC Fight Night: Silva vs. Delgado,2026-09-12
UFC Fight Night: Silva vs. Irvin,2025-04-01
UFC Fight Night: Smith vs. Rakić,2020-08-29
UFC Fight Night: Smith vs. Spann,2021-09-18
UFC Fight Night: Smith vs. Teixeira,2020-05-13
UFC Fight Night: Song vs. Figueiredo,2026-05-30
UFC Fight Night: Song vs. Gutiérrez,2023-12-09
UFC Fight Night: Stephens vs. Choi,2018-01-14
UFC Fight Night: Sterling vs. Zalal,2026-04-25
UFC Fight Night: Stout vs. Fisher,2007-06-12
UFC Fight Night: Strickland vs. Hernandez,2026-02-21
UFC Fight Night: Strickland vs. Imavov,2023-01-14
UFC Fight Night: Swanson vs. Lobov,2017-04-22
UFC Fight Night: Swanson vs. Ortega,2017-12-09
UFC Fight Night: Swanson vs. Stephens,2014-06-28
UFC Fight Night: Swick vs. Burkman,2025-04-01
UFC Fight Night: Te Huna vs. Marquardt,2014-06-28
UFC Fight Night: Teixeira vs. Bader,2013-09-04
UFC Fight Night: Teixeira vs. Saint Preux,2015-08-08
UFC Fight Night: The Korean Zombie vs. Rodríguez,2018-11-10
UFC Fight Night: Thomas vs. Florian,2025-04-01
UFC Fight Night: Thompson vs. Neal,2020-12-19
UFC Fight Night: Thompson vs. Pettis,2019-03-23
UFC Fight Night: Thompson vs. Till,2018-05-27
UFC Fight Night: Till vs. Masvidal,2022-04-01
UFC Fight Night: Tsarukyan vs. Hooker,2025-11-22
UFC Fight Night: Tuivasa vs. Tybura,2024-03-16
UFC Fight Night: Ulberg vs. Reyes,2025-09-28
UFC Fight Night: Vettori vs. Dolidze 2,2025-03-15
UFC Fight Night: Vieira vs. Tate,2021-11-20
UFC Fight Night: Volkan vs. Smith,2018-10-27
UFC Fight Night: Volkov vs. Aspinall,2022-04-01
UFC Fight Night: Volkov vs. Rozenstruik,2022-06-04
UFC Fight Night: Volkov vs. Struve,2017-09-02
UFC Fight Night: Walker vs. Hill,2022-02-19
UFC Fight Night: Walker vs. Zhang,2025-08-23
UFC Fight Night: Waterson vs. Hill,2020-09-12
UFC Fight Night: Werdum vs. Tybura,2017-11-01
UFC Fight Night: Werdum vs. Volkov,2022-04-01
UFC Fight Night: Whittaker vs. Brunson,2016-11-27
UFC Fight Night: Woodley vs. Edwards,2022-04-01
UFC Fight Night: Yan vs. Dvalishvili,2023-03-11
UFC Fight Night: Yan vs. Figueiredo,2024-11-23
UFC Fight Night: Yusuff vs. Barboza,2023-10-14
UFC Fight Night: de Randamie vs. Ladd,2019-07-13
UFC Fight Night: de Ridder vs. Allen,2025-10-18
UFC Fight Night: dos Anjos vs. Alvarez,2016-07-07
UFC Fight Night: dos Anjos vs. Lee,2019-05-18
UFC Fight Night: dos Santos vs. Ivanov,2018-07-14
UFC Fight Night: dos Santos vs. Tuivasa,2018-07-01
UFC Fight Night: du Plessis vs. Usman,2026-07-18
UFC Japan: Ultimate Japan,1997-12-21
UFC Live: Cruz vs. Johnson,2025-03-01
UFC Live: Hardy vs. Lytle,2025-03-01
UFC Live: Jones vs. Matyushenko,2025-03-01
UFC Live: Kongo vs. Barry,2025-03-01
UFC Live: Sanchez vs. Kampmann,2011-03-03
UFC Live: Vera vs. Jones,2010-03-21
UFC Ultimate Fight Night 2,2025-04-01
UFC Ultimate Fight Night 3,2025-04-01
UFC Ultimate Fight Night 4,2025-04-01
UFC Ultimate Fight Night 5,2025-04-01
UFC on ABC: Emmett vs. Topuria,2023-06-24
UFC on ABC: Hill vs. Rountree Jr.,2025-06-21
UFC on ABC: Holloway vs. Kattar,2021-01-16
UFC on ABC: Ortega vs. Rodríguez,2022-07-16
UFC on ABC: Rozenstruik vs. Almeida,2023-05-13
UFC on ABC: Sandhagen vs. Nurmagomedov,2024-08-03
UFC on ABC: Vettori vs. Holland,2021-04-10
UFC on ABC: Whittaker vs. Aliskerov,2024-06-22
UFC on ABC: Whittaker vs. de Ridder,2025-07-26
UFC on ESPN: Barboza vs. Chikadze,2021-08-28
UFC on ESPN: Barboza vs. Gaethje,2019-03-30
UFC on ESPN: Blanchfield vs. Fiorot,2024-03-30
UFC on ESPN: Blaydes vs. Daukaus,2022-03-26
UFC on ESPN: Blaydes vs. Volkov,2020-06-20
UFC on ESPN: Brunson vs. Holland,2021-03-20
UFC on ESPN: Błachowicz vs. Rakić,2022-05-14
UFC on ESPN: Cannonier vs. Borralho,2024-08-24
UFC on ESPN: Cannonier vs. Gastelum,2021-08-21
UFC on ESPN: Cannonier vs. Imavov,2024-06-08
UFC on ESPN: Chiesa vs. Magny,2021-01-20
UFC on ESPN: Covington vs. Buckley,2024-12-14
UFC on ESPN: Covington vs. Lawler,2019-08-03
UFC on ESPN: Dariush vs. Tsarukyan,2023-12-02
UFC on ESPN: Dolidze vs. Hernandez,2025-08-09
UFC on ESPN: Emmett vs. Murphy,2025-04-05
UFC on ESPN: Eye vs. Calvillo,2020-06-13
UFC on ESPN: Font vs. Aldo,2021-12-04
UFC on ESPN: Font vs. Vera,2022-04-30
UFC on ESPN: Gamrot vs. Klein,2025-05-31
UFC on ESPN: Hall vs. Strickland,2021-07-31
UFC on ESPN: Hermansson vs. Vettori,2020-12-05
UFC on ESPN: Holloway vs. Allen,2023-04-15
UFC on ESPN: Holm vs. Aldana,2020-10-04
UFC on ESPN: Holm vs. Bueno Silva,2023-07-15
UFC on ESPN: Kara-France vs. Albazi,2023-06-03
UFC on ESPN: Kattar vs. Chikadze,2022-01-15
UFC on ESPN: Kattar vs. Emmett,2022-06-18
UFC on ESPN: Kattar vs. Ige,2020-07-16
UFC on ESPN: Lemos vs. Jandiroba,2024-07-20
UFC on ESPN: Lewis vs. Nascimento,2024-05-11
UFC on ESPN: Lewis vs. Teixeira,2025-07-12
UFC on ESPN: Luque vs. Muhammad 2,2022-04-16
UFC on ESPN: Luque vs. dos Anjos,2023-08-12
UFC on ESPN: Machado Garry vs. Prates,2025-04-26
UFC on ESPN: Makhachev vs. Moisés,2022-10-01
UFC on ESPN: Moreno vs. Erceg,2025-03-29
UFC on ESPN: Munhoz vs. Edgar,2020-08-22
UFC on ESPN: Namajunas vs. Cortez,2024-07-13
UFC on ESPN: Ngannou vs. Velasquez,2019-02-17
UFC on ESPN: Ngannou vs. dos Santos,2019-06-29
UFC on ESPN: Nicolau vs. Perez,2024-04-27
UFC on ESPN: Overeem vs. Harris,2020-05-16
UFC on ESPN: Overeem vs. Rozenstruik,2019-12-07
UFC on ESPN: Perez vs. Taira,2024-06-15
UFC on ESPN: Poirier vs. Hooker,2020-06-27
UFC on ESPN: Reyes vs. Procházka,2021-05-01
UFC on ESPN: Reyes vs. Weidman,2019-10-18
UFC on ESPN: Ribas vs. Namajunas,2024-03-23
UFC on ESPN: Rodriguez vs. Waterson,2021-05-08
UFC on ESPN: Royval vs. Kape,2025-12-13
UFC on ESPN: Sandhagen vs. Dillashaw,2021-07-24
UFC on ESPN: Sandhagen vs. Figueiredo,2025-05-03
UFC on ESPN: Sandhagen vs. Font,2023-08-05
UFC on ESPN: Santos vs. Hill,2022-08-06
UFC on ESPN: Santos vs. Teixeira,2020-11-07
UFC on ESPN: Smith vs. Clark,2020-11-28
UFC on ESPN: Song vs. Simón,2023-04-29
UFC on ESPN: Strickland vs. Magomedov,2023-07-01
UFC on ESPN: Taira vs. Park,2025-08-02
UFC on ESPN: The Korean Zombie vs. Ige,2021-07-01
UFC on ESPN: Thompson vs. Holland,2022-12-03
UFC on ESPN: Tsarukyan vs. Gamrot,2022-06-25
UFC on ESPN: Tybura vs. Spivac 2,2024-08-10
UFC on ESPN: Usman vs. Buckley,2025-06-14
UFC on ESPN: Vera vs. Cruz,2022-08-13
UFC on ESPN: Vera vs. Sandhagen,2023-03-25
UFC on ESPN: Vettori vs. Cannonier,2023-06-17
UFC on ESPN: Whittaker vs. Gastelum,2021-04-17
UFC on ESPN: Whittaker vs. Till,2020-07-26
UFC on ESPN: Woodley vs. Burns,2020-05-30
UFC on ESPN: dos Anjos vs. Edwards,2019-07-20
UFC on ESPN: dos Anjos vs. Fiziev,2022-07-09
UFC on FX: Alves vs. Kampmann,2012-03-03
UFC on FX: Belfort vs. Rockhold,2013-05-18
UFC on FX: Browne vs. Bigfoot,2012-10-05
UFC on FX: Guillard vs. Miller,2012-01-20
UFC on FX: Maynard vs. Guida,2012-06-22
UFC on Fox: Alvarez vs. Poirier 2,2020-08-01
UFC on Fox: Diaz vs. Miller,2012-05-05
UFC on Fox: Dillashaw vs. Barão 2,2015-07-25
UFC on Fox: Emmett vs. Stephens,2018-02-24
UFC on Fox: Gustafsson vs. Johnson,2015-01-24
UFC on Fox: Henderson vs. Diaz,2012-12-08
UFC on Fox: Henderson vs. Thomson,2014-01-25
UFC on Fox: Holm vs. Shevchenko,2016-07-23
UFC on Fox: Jacaré vs. Brunson 2,2018-01-27
UFC on Fox: Johnson vs. Bader,2016-01-30
UFC on Fox: Johnson vs. Benavidez 2,2013-12-14
UFC on Fox: Johnson vs. Dodson,2013-01-26
UFC on Fox: Johnson vs. Moraga,2013-07-27
UFC on Fox: Johnson vs. Reis,2017-04-15
UFC on Fox: Lawler vs. Brown,2014-07-26
UFC on Fox: Lawler vs. dos Anjos,2017-12-16
UFC on Fox: Lee vs. Iaquinta 2,2018-12-15
UFC on Fox: Machida vs. Rockhold,2015-04-18
UFC on Fox: Maia vs. Condit,2016-08-27
UFC on Fox: Poirier vs. Gaethje,2018-04-14
UFC on Fox: Shevchenko vs. Peña,2018-05-01
UFC on Fox: Shogun vs. Vera,2012-08-04
UFC on Fox: Teixeira vs. Evans,2016-04-16
UFC on Fox: VanZant vs. Waterson,2016-12-17
UFC on Fox: Velasquez vs. dos Santos,2012-05-01
UFC on Fox: Weidman vs. Gastelum,2017-07-22
UFC on Fox: Werdum vs. Browne,2014-04-19
UFC on Fox: dos Anjos vs. Cowboy 2,2015-12-19
UFC on Fox: dos Santos vs. Miocic,2014-12-13
UFC on Fuel TV: Barão vs. McDonald,2022-04-01
UFC on Fuel TV: Franklin vs. Le,2012-11-10
UFC on Fuel TV: Gustafsson vs. Silva,2012-04-14
UFC on Fuel TV: Mousasi vs. Latifi,2013-04-06
UFC on Fuel TV: Muñoz vs. Weidman,2012-07-11
UFC on Fuel TV: Silva vs. Stann,2013-03-03
UFC on Fuel TV: Struve vs. Miocic,2022-04-01
UFC: Fight for the Troops,2008-12-10
UFC: Fight for the Troops 2,2011-01-22
UFC: Fight for the Troops 3,2013-11-06
