title,date,sentence
The Ultimate Fighter 4 Finale,2026-03-01,"The bout was originally to be for Silva's UFC Middleweight Championship, however, the bout was changed to a non-title bout when Lutter failed to make weight."
The Ultimate Fighter 5 Finale,2026-03-01,"He immediately expels both Sims and Thomas from the show, as well as Allen Berube, who instigated the match and told them they would not get kicked out for fighting. * With Thomas and Berube kicked off the show because of the fight and Gabe Ruediger kicked off because of missing weight and Andy Wang kicked off the team and sent to Team Pulver; this leaves Team Penn with only 4 fighters (Lauzon, Maynard, Wiman, and Rob Emerson). * '''Joe Lauzon''' defeats Cole Miller by TKO (strikes) at 3:58 in the second round. * Lauzon, when he had pinned Miller down early in the second round, strikes the Team Pulver member on the back of the head with an elbow and was assessed a point deduction."
The Ultimate Fighter 5 Finale,2026-03-01,"Pulver wins the best-of-three series, the cash and a thousand dollar bonus for each member of his team. *'''Nate Diaz''' defeats Gray Maynard by submission (guillotine choke) at 1:17 in the second round. *Diaz moves into the finale to face his teammate Manny Gamburyan. ==Tournament Bracket== ''* Gabe Ruediger missed weight and was expelled from the show."
The Ultimate Fighter: Team GSP vs. Team Koscheck Finale,2026-03-01,"Nick Pace missed weight for his bantamweight bout against Will Campuzano, missing the 135 mark by three pounds."
The Ultimate Fighter: United States vs. United Kingdom Finale,2026-03-01,"Henderson defeated Bisping at the event via second-round knockout. ==Cast== ===Coaches=== * '''Team United States''' ** Dan Henderson, head coach ** Cyrille Diabaté, Muay Thai instructor ** Ricardo Feliciano, Jiu-Jitsu instructor ** Gustavo Pugliese, Boxing instructor ** Heath Sims, Wrestling instructor * '''Team United Kingdom''' ** Michael Bisping, head coach ** Dave Jackson, Thai Boxing instructor ** Mario Neto, Brazilian jiu-jitsu instructor ===Fighters=== * '''Team United States''' ** '''Lightweights''': Santino DeFranco, Jason Dent, Cameron Dollar, Richie Whitson ** '''Welterweights''': DaMarques Johnson, Frank Lester, Mark Miller, Jason Pierce * '''Team United Kingdom''' ** '''Lightweights''': Jeff Lawson, Ross Pearson, Martin Stapleton, Andre Winner ** '''Welterweights''': Dean Amasinger, David Faulkner, Nick Osipczak, James Wilks * '''US Fighters Eliminated in or before Entry Round:''' ** '''Lightweights''': Paul Bird, John David-Shackelford (failed medical exam), Tommy Hayden, Waylon Lowe, Rob Browning ** '''Welterweights''': Steve Berger, Ray Elbe, Christian Fulgium (failed to make weight), Kevin Knabjian, Kiel Reid * '''UK Fighters Eliminated in Entry Round:''' ** '''Lightweights''': James Bryan, Dan James, Gary Kelly, A.J."
The Ultimate Fighter: United States vs. United Kingdom Finale,2026-03-01,He couldn't fight with it and was excused from the show. * Christian Fulgium failed to make weight at his first attempt at weighing in.
UFC 117,2010-08-07,The Fitch/Alves fight was changed to catchweight status after Alves weighed in at 171.5&nbsp;lb; 0.5&nbsp;lb over the 171&nbsp;lb welterweight limit for non title fights.
UFC 150,2012-08-11,"At the weigh-ins, Melvin Guillard was the only one of 20 fighters who missed weight."
UFC 152,2012-09-22,"At the weigh-ins, Charles Oliveira failed to make weight by four tenths of pound on his first try."
UFC 159,2013-04-27,"However, at the weigh ins Catone missed weight and the bout was subsequently pulled from the card the day of the show after Catone went to the hospital for dehydration."
UFC 168,2013-12-28,"Brandão re-weighed and was 151.5, but was still fined 25% of his purse for missing weight. "
UFC 179,2014-10-25,"During weigh ins, three fighters missed weight: Scott Jorgensen (128 lb), Fabrício Camões (158 lb) and Tony Martin (157 lb)."
UFC 182,2014-12-01,"Alexis Dufresne missed weight on her first attempt at the weigh ins, weighing in at 138 pounds."
UFC 183,2015-01-31,"Both Kelvin Gastelum and John Lineker missed weight on their first attempts at the weigh ins, coming in at 180 lb and 130 lb respectively."
UFC 183,2015-01-31,This marked the fourth time that Lineker missed weight in his UFC career.
UFC 185,2015-03-14,"Daron Cruickshank missed weight on his first attempt at the weigh ins, coming in at 157.5 pounds."
UFC 185,2015-03-14,"He was given additional time to make the lightweight limit, but missed weight again, coming in at 157 pounds."
UFC 187,2015-05-23,"Nina Ansaroff missed weight on her first attempt at the weigh-ins, coming in 4 lb overweight at 120 lb."
UFC 189,2015-07-11,"Jeremy Stephens missed weight on his first attempt, coming in 3.5 lb overweight at 149.5 lb."
UFC 192,2015-10-03,"Francisco Treviño missed weight on his first attempt at the weigh ins, coming in at 160 lb."
UFC 200,2016-07-09,"Former PRIDE Lightweight Champion Takanori Gomi and Jim Miller were chosen to open the event in a lightweight bout. ===Weigh-ins=== At the weigh-ins, Hendricks missed weight by a quarter of a pound, weighing in at 171.25 lb."
UFC 203,2016-09-10,"Michael McBride missed weight, coming in at 158 lb."
UFC 205,2016-11-12,"Prior to this announcement, Cerrone had already successfully weighed in at 170.4 lb, meaning he was unable to subsequently rehydrate as Miller did, to keep within 7 pounds of his over-weight opponent."
UFC 205,2016-11-12,"As a result, Gastelum was pulled from the card and UFC president Dana White stated he will never let him fight at welterweight in the organization again, and that he believes Gastelum missed weight by 10 pounds."
UFC 207,2016-12-30,"At the weigh-ins, former UFC Welterweight Champion Johny Hendricks and Ray Borg missed weight for their bouts, weighing in at 173.5 lb and 129.5 lb, respectively."
UFC 222,2018-03-03,Anders but was scrapped from the event after Munhoz missed weight and Dodson did not agree to fight at a catchweight.
UFC 224,2018-05-12,"At the weigh-ins, Mackenzie Dern weighed in at 123 pounds, seven pounds over the strawweight non-title fight upper limit of 116 pounds."
UFC 225,2018-06-09,"However at the weigh-ins, Romero initially weighed in at 186 pounds, 1 pound over the middleweight limit for a title fight."
UFC 226,2018-07-07,"At the weigh-ins, Chiesa weighed in at 157.5 pounds, 1.5 pounds over the lightweight non-title fight limit of 156 pounds."
UFC 230,2018-11-03,"Eubanks weighed in at 127.2 pounds, 1.2 pound over the flyweight non-title fight limit of 126."
UFC 230,2018-11-03,"Meanwhile, Kelleher weighed in at 137 pounds, 1 pound over the bantamweight non-title fight limit of 136."
UFC 232,2018-12-29,"At the weigh-ins, Jackson weighed in at 137 lb, 1 pound over the bantamweight non-title fight limit of 136 lb."
UFC 237,2019-05-11,"At the weigh-ins, Correia weighed in at 141 pounds, 5 pounds over the women's bantamweight non-title fight limit of 136."
UFC 241,2019-08-17,"According to Kenney, he received a part of Bermudez's purse despite him not technically missing weight. "
UFC 242,2019-09-07,"At the weigh-ins, Sarah Moras weighed in at 138 pounds, 2 pounds over the bantamweight non-title fight limit of 136."
UFC 243,2019-10-06,"Taha weighed in at 137 pounds, 1 pound over the bantamweight non-title fight limit of 136."
UFC 243,2019-10-06,"Meanwhile, Kim weighed in at 128 pounds, 2 pounds over the flyweight non-title fight limit of 126."
UFC 244,2022-07-01,"However, Jotko was removed from the card in early October for undisclosed reasons and replaced by Brad Tavares. ===Weigh-ins=== At the weigh-ins, former Invicta FC Flyweight Champion Jennifer Maia weighed in at 127.2 pounds, 1.2 pounds over the flyweight non-title fight limit of 126 pounds."
UFC 245,2019-12-14,"At the weigh-ins, former UFC Women's Flyweight Championship challenger Jessica Eye failed to make weight, coming in at 131 pounds, five pounds over the flyweight non-title fight limit of 126 pounds."
UFC 246,2020-01-18,"However, on the day of the weigh-ins, Grasso weighed in at 121.5 pounds, 5.5 pounds over the strawweight non-title fight limit of 116 pounds."
UFC 248,2020-03-07,"At the weigh-ins, Emily Whitmire weighed in at 117.5 pounds, 1.5 pounds over the strawweight non-title fight limit of 116 pounds."
UFC 249,2020-05-09,"At the weigh-ins, Jeremy Stephens weighed in at 150.5 pounds, four and a half pounds over the featherweight non-title fight limit."
UFC 251,2020-07-12,"At the weigh-ins, Raulian Paiva and Vanessa Melo missed weight for their respective bouts."
UFC 251,2020-07-12,"Paiva weighed in at 129 pounds, three pounds over the flyweight non-title fight limit."
UFC 251,2020-07-12,"Melo weighed in at 141 pounds, five pounds over the bantamweight non-title fight limit."
UFC 252,2020-08-15,Brown missed weight for their respective featherweight bouts.
UFC 252,2020-08-15,"Burns weighed in at 149.5 pounds, three and a half pounds over the non-title fight limit."
UFC 252,2020-08-15,"Brown weighed in at 146.5 pounds, half a pound over the non-title fight limit."
UFC 253,2020-09-01,"At the weigh-ins, Zubaira Tukhugov and Ľudovít Klein missed weight for their respective featherweight bouts."
UFC 253,2020-09-01,"Both fighters weighed in at 150 pounds, four pounds over the non-title fight limit."
UFC 254,2020-10-24,"At the weigh-ins, Alex Oliveira and Joel Álvarez missed weight for their respective bouts."
UFC 254,2020-10-24,"Oliveira weighed in at 173 pounds, two pounds over the welterweight non-title fight limit. Álvarez weighed in at 159.5 pounds, three and a half pounds over the lightweight non-title fight limit."
UFC 255,2020-11-21,"At the weigh-ins, Perry weighed in at 175.5 pounds, four and a half pounds over the welterweight non-title fight limit."
UFC 257,2021-01-24,"Haqparast withdrew from the bout due to an undisclosed illness and Tsarukyan weighed in at 157 pounds, one pound over the lightweight non-title fight limit."
UFC 257,2021-01-24,"Subsequently, Tsarukyan forfeited 20% of his purse to Frevola as a result of missing weight. "
UFC 259,2021-03-06,"Adesanya did not cut weight for the fight, weighing in at 201.5 pounds, while Błachowicz weighed in at 205 pounds and expected to come in at over 220 pounds on fight night."
UFC 259,2021-03-06,"At the weigh-ins, Askar Askarov weighed in at 127 pounds, one pound over the flyweight non-title fight limit."
UFC 262,2021-05-15,"At the weigh-ins, Bontorin weighed in at 137 pounds, one pound over the division's non-title fight limit."
UFC 263,2021-06-12,"At the weigh-ins, Steven Peterson weighed in at 148.5 pounds, two and a half pounds over the featherweight non-title fight limit."
UFC 264,2021-07-10,"At the weigh-ins, Irene Aldana weighed in at 139.5 pounds, three and a half pounds over the bantamweight non-title fight limit."
UFC 265,2021-08-07,"At the weigh-ins, former Rizin Bantamweight Champion Manel Kape weighed in at 129 pounds, three pounds over the flyweight non-title fight limit."
UFC 267,2021-10-30,"However at the weigh-ins, Ismagulov came in at 163.5 pounds, missing weight by seven and half pounds over the lightweight non-title fight limit."
UFC 268,2021-11-06,"At the weigh-ins, Luque weighed in at 172.2 pounds, 2.2 pounds over the welterweight title fight limit making him ineligible to compete for the title."
UFC 268,2021-11-06,"At the weigh-ins, Souza weighed in at 148.4 pounds, 2.4 pounds over the featherweight non-title fight limit."
UFC 268,2021-11-06,"Vergara weighed in at 127.4 pounds, 1.4 pounds over the flyweight non-title fight limit."
UFC 269,2021-12-11,"At the weigh-ins, Priscila Cachoeira weighed in at 129 pounds, 3 pounds over the flyweight non-title fight limit."
UFC 271,2022-02-12,"At the weigh-ins, Knight weighed in at 218 pounds, 12 pounds over the light heavyweight non-title fight limit, marking the biggest weight miss in UFC history."
UFC 273,2022-04-09,"At the weigh-ins, Kay Hansen and Julio Arce missed weight for their bouts."
UFC 273,2022-04-09,"Hansen weighed in at 118.5 pounds, 2.5 pounds over the strawweight non-title fight limit."
UFC 273,2022-04-09,"Arce weighed in at 136.5 pounds, half a pound over the bantamweight non-title fight limit."
UFC 274,2022-05-07,"At the weigh-ins, Oliveira weighed in at 155.5 pounds, half a pound over the title limit."
UFC 274,2022-05-07,"At the weigh-ins, Norma Dumont weighed in at 146.5 pounds, half a pound over the women's featherweight non-title fight limit."
UFC 277,2022-07-30,"At the weigh-ins, two fighters missed weight for their respective bouts."
UFC 277,2022-07-30,"Joselyne Edwards weighed in at 137.5 pounds, one and a half pounds over the bantamweight non-title fight limit."
UFC 277,2022-07-30,"Orion Cosce weighed in at 172.5 pounds, one and a half pounds over the welterweight non-title fight limit."
UFC 279,2022-09-10,"However, Chimaev weighed in at 178.5 pounds, exceeding the non-title welterweight limit by 7.5 pounds, leading to the bout's cancellation."
UFC 279,2022-09-10,"In addition to Chimaev missing weight, featherweight Hakeem Dawodu and heavyweight Chris Barnett both missed weight as well."
UFC 279,2022-09-10,"Dawodu weighed at 149.5 pounds, 3.5 pounds over the non-title featherweight limit, while Barnett weighed in at 267.5 pounds, 1.5 pounds over the non-title heavyweight limit."
UFC 280,2022-10-22,Oliveira was stripped of the title at UFC 274 when he failed to make weight for his attempted title defense against former interim champion (also former WSOF Lightweight Champion) Justin Gaethje.
UFC 280,2022-10-22,"At the weigh-ins, Chookagian weighed in at 127.5 pounds, one and a half pounds over the flyweight non-title fight limit."
UFC 281,2022-11-12,"At the weigh-ins, Ryan Spann and The Ultimate Fighter: Undefeated lightweight winner Michael Trizano missed weight."
UFC 281,2022-11-12,"Spann weighed in at 206.6 pounds, six tenths of a pound over the light heavyweight non-title fight limit."
UFC 281,2022-11-12,"Trizano weighed in at 147.6 pounds, one and six tenths of a pound over the featherweight non-title fight limit."
UFC 282,2022-12-10,"However, after the official weigh-ins, in which da Silva weighed in at 129 pounds, three pounds over the flyweight non-title fight limit, it was announced he had been pulled from the card due to an undisclosed medical issue and the bout was scrapped. "
UFC 283,2023-01-21,"Gastelum in April 2021, but on the day of the weigh-ins Fairn weighed in at 147 pounds, eight pounds over the pre-established limit of 139 pounds (the bout was originally set for the women's bantamweight division, but was shifted to a catchweight prior to the start of the weigh-ins)."
UFC 284,2023-02-12,"At the weigh-ins, Tukhugov weighed in at 157.5 pounds, one and a half pound over the lightweight non-title fight limit."
UFC 284,2023-02-12,"Also at the weigh-ins, Kleydson Rodrigues missed weight."
UFC 284,2023-02-12,"He weighed in at 127 pounds, one pound over the flyweight non-title fight limit."
UFC 285,2023-03-04,"At the weigh-ins, Neal weighed in at 175 pounds, four pounds over the welterweight non-title fight limit."
UFC 285,2023-03-04,"Also at the weigh-ins, Leomana Martinez weighed in at 137 pounds, one pound over the bantamweight non-title fight limit."
UFC 286,2023-03-18,"At the weigh-ins, Malcolm Gordon weighed in at 129.5 pounds, three and a half pounds over the flyweight non-title fight limit."
UFC 287,2023-04-08,"At the weigh-ins, Christian Rodriguez weighed in at 137 pounds, one pound over the bantamweight non-title fight limit."
UFC 288,2023-05-06,"At the weigh-ins, Joseph Holmes weighed in at 189 pounds, three pounds over the middleweight non-title fight limit."
UFC 290,2023-07-08,"At the weigh-ins, Turner weighed in at 158 pounds, two pounds over the lightweight non-title fight limit."
UFC 291,2023-07-29,"At the weigh-ins, Pereira weighed in at 174 pounds, three pounds over the welterweight non-title fight limit."
UFC 291,2023-07-29,"At the weigh-ins, Vinicius Salvador weighed in at 128.5 pounds, two and a half pounds over the flyweight non-title fight limit."
UFC 293,2023-09-10,"At the weigh-ins, Shane Young weighed in at 149.75 pounds, three and three-quarters pounds over the featherweight non-title fight limit."
UFC 294,2023-10-21,"At the weigh-ins, Victoria Dudakova weighed in at 116.6 pounds, 0.6 pounds over the strawweight non-title fight limit."
UFC 294,2023-10-21,"Mike Breeden weighed in at 159.5 pounds, three and a half pounds over the lightweight non-title fight limit."
UFC 297,2024-01-20,"At the weigh-ins, Ramon Taveras and Malcolm Gordon missed weight."
UFC 297,2024-01-20,"Taveras weighed in at 139.75 pounds, three and three quarters pounds over the bantamweight non-title fight limit."
UFC 297,2024-01-20,"Gordon weighed in at 127.5 pounds, one and a half pounds over the flyweight non-title fight limit."
UFC 299,2024-03-09,"Vergara weighed in at 127 pounds, one pound over the flyweight non-title fight limit."
UFC 301,2024-05-04,Lewis but the bout was scrapped after Bonfim missed weight.
UFC 302,2024-06-01,"At the weigh ins, Lima weighed in at 130 pounds, four pounds over the flyweight non-title fight limit."
UFC 303,2024-06-29,"At the weigh-ins, Jean Silva weighed in at 147.5 pounds, one and a half pounds over the featherweight non-title fight limit."
UFC 304,2024-07-27,"At the weigh-ins, Hadley weighed in at 137 pounds, half a pound over the bantamweight non-title fight limit."
UFC 305,2024-08-18,"At the weigh-ins, Jesús Santos Aguilar weighed in at 127.5 pounds, one and a half pounds over the flyweight non-title fight limit."
UFC 308,2024-10-26,"In addition, at the weigh-ins, the originally contracted bantamweight bout between Farid Basharat and Victor Hugo was changed to a featherweight bout after Hugo weighed in at 145.5 pounds, 9.5 pounds over the bantamweight non-title fight limit; although Basharat weighed in at 137 pounds, he agreed to allow the fight to take place at featherweight. "
UFC 310,2024-12-07,"Team Ortega middleweight tournament winner Bryan Battle weighed in at 175 pounds, four pounds over the welterweight non-title fight limit."
UFC 314,2025-04-12,"At the weigh-ins, Cornolle weighed in at 137.5 pounds, one and a half pounds over the bantamweight non-title fight limit."
UFC 315,2025-05-10,"Instead, Zahabi stopped his weight cut and had to rehydrate for a fight at featherweight so he could be close enough to Aldo's missed weight to avoid the fight being scrapped entirely."
UFC 315,2025-05-10,"In addition, at the weigh-ins, Bruno Silva weighed in at 187 pounds, a pound over the weight non-title fight limit."
UFC 316,2025-06-07,"At the weigh-ins, former KSW Women's Flyweight Champion Ariane da Silva weighed in at 132 pounds, six pounds over the flyweight non-title fight limit."
UFC 318,2025-07-19,"However, the promotion opted to book them on short notice against different opponents at the same event, mainly due to Khamzat Chimaev missing weight by nearly 10 pounds for his headliner bout (Holland and Chimaev ended up facing each other in the co-main event)."
UFC 319,2025-08-16,"Team Ortega middleweight tournament winner Bryan Battle weighed in at 190 pounds, four pounds over the middleweight non-title fight limit."
UFC 320,2025-10-04,"At the weigh-ins, The Ultimate Fighter: Heavy Hitters featherweight winner Macy Chiasson weighed in at 137.5 pounds, one and a half pounds over the women's bantamweight non-title fight limit."
UFC 321,2025-10-25,"At the weigh-ins, two fighters missed weight: *Jose Miguel Delgado weighed in at 147 pounds, one pound over the featherweight non-title fight limit. *Azat Maksum weighed in at 129 pounds, three pounds over the flyweight non-title fight limit."
UFC 322,2025-11-15,"At the weigh-ins, Beneil Dariush weighed in at 157.2 pounds, 1.2 pounds over the lightweight non-title fight limit."
UFC 323,2025-12-06,"At the weigh-ins, Santos weighed in at 147.5 pounds, 1.5 pounds over the featherweight non-title fight limit."
UFC 323,2025-12-06,"Also at the weigh-ins, Brunno Ferreira weighed in at 189 pounds, 3 pounds over the middleweight non-title fight limit."
UFC 324,2026-01-24,"At the weigh-ins, two fighters missed weight: *Former two-time UFC Flyweight Champion Deiveson Figueiredo weighed in at 138.5 pounds, two and a half pounds over the bantamweight non-title fight limit. *Former flyweight title challenger Alex Perez weighed in at 128.5 pounds, two and a half pounds over the flyweight non-title fight limit."
UFC 325,2026-02-01,"When asked for a second attempt without the box, he then weighed in at 129 pounds, three pounds over the limit, resulting in the cancellation of the bout. "
UFC 327,2026-04-11,"At the weigh-ins, Padilla weighed in at 158 pounds, two pounds over the lightweight non-title fight limit."
UFC 328,2026-05-09,"At the weigh-ins, Jeremy Stephens weighed in at 160 pounds, 4 pounds over the lightweight non-title fight limit."
UFC Fight Night: Adesanya vs. Imavov,2025-02-01,"At the weigh-ins, Lucas Alexander weighed in at 148.5 pounds, two and a half pounds over the featherweight non-title fight limit."
UFC Fight Night: Allen vs. Craig,2023-11-18,"At the weigh-ins, Alexander weighed in at 148 pounds, two pounds over the featherweight non-title fight limit."
UFC Fight Night: Allen vs. Craig,2023-11-18,"At the weigh-ins, Rafael Estevam weighed in at 128 pounds, two pounds over the flyweight non-title fight limit."
UFC Fight Night: Allen vs. Curtis 2,2024-04-06,"At the weigh-ins, four fighters missed weight: *Alexander Hernandez weighed in at 147.5 pounds, one and a half pounds over the featherweight non-title fight limit."
UFC Fight Night: Allen vs. Curtis 2,2024-04-06,"His bout proceeded at catchweight and he was fined 20% of his purse, which went to his opponent Damon Jackson. *Cynthia Calvillo weighed in at 119 pounds, three pounds over the strawweight non-title fight limit."
UFC Fight Night: Allen vs. Curtis 2,2024-04-06,"As a result, her bout with former LFA Women's Strawweight Champion Piera Rodriguez was cancelled. *Nora Cornolle and Melissa Mullins weighed in at 138.5 and 138 pounds, 2 and a half and 2 pounds over the bantamweight non-title fight limit respectively."
UFC Fight Night: Almeida vs. Lewis,2023-11-04,"At the weigh-ins, Moura weighed in at 119.5 pounds, three and a half pounds over the strawweight non-title fight limit."
UFC Fight Night: Almeida vs. Lewis,2023-11-04,"However, the bout was scrapped after Hugo weighed in at 138.5 pounds, two and a half pounds over the bantamweight non-title fight limit."
UFC Fight Night: Almeida vs. Lewis,2023-11-04,"At the weigh-ins, Ismael Bonfim weighed in at 159.5 pounds, three and a half pounds over the lightweight non-title fight limit."
UFC Fight Night: Anderson vs. Błachowicz 2,2020-02-15,"At the weigh-ins, former UFC Flyweight Championship challenger Ray Borg failed to make weight, coming in at 128 pounds, two pounds over the flyweight non-title fight limit of 126 pounds."
UFC Fight Night: Andrade vs. Zhang,2019-08-31,"At the weigh-ins, Yanan weighed in at 129 pounds, 3 pounds over the flyweight non-title fight limit of 126."
UFC Fight Night: Ankalaev vs. Walker 2,2024-01-13,"However at the weigh-ins, Kape weighed in at 129.5 pounds, three and a half pounds over the flyweight non-title fight limit."
UFC Fight Night: Assunção vs. Moraes 2,2019-02-02,"Frota weighed in at 123 pounds, 7 pounds over the strawweight non-title fight limit of 116."
UFC Fight Night: Assunção vs. Moraes 2,2019-02-02,"Meanwhile, Bibulatov weighed in at 127 pounds, 1 pound over the flyweight non-title fight limit of 126."
UFC Fight Night: Barboza vs. Lee,2018-04-21,"At the weigh-ins, Lee weighed in at 157 pounds, one pound over the lightweight non-title fight upper limit of 156 pounds."
UFC Fight Night: Barboza vs. Lee,2018-04-21,"Aspen Ladd weighed in at 137.8 pounds, 1.8 pounds over the bantamweight non-title fight upper limit of 136 pounds."
UFC Fight Night: Bautista vs. Oliveira,2026-02-07,"At the weigh-ins, four fighters missed weight: *Gianni Vázquez weighed in at 141 pounds, five pounds over the bantamweight non-title fight limit. *Wang Cong and Eduarda Moura weighed in at 127.5 pounds, one and a half pounds over the women's flyweight non-title fight limit, respectively. *Former LFA Bantamweight Champion Muin Gafurov weighed in at 141 pounds, five pounds over the bantamweight non-title fight limit."
UFC Fight Night: Benavidez vs. Figueiredo,2020-02-29,"Dawson also failed to make weight, coming in at 149.5 pounds, 3.5 pounds over the featherweight non-title fight limit of 146 pounds."
UFC Fight Night: Bisping vs. Gastelum,2017-11-25,"At the weigh ins, Rolando Dy weighed in at 148 pounds, 2 pounds over the featherweight upper limit of 146 pounds."
UFC Fight Night: Blaydes vs. Lewis,2021-02-20,"At the weigh-ins, Ketlen Vieira, Jared Gordon, Drako Rodriguez and Rafael Alves missed weight for their respective bouts."
UFC Fight Night: Blaydes vs. Lewis,2021-02-20,"Vieira weighed in at 138 pounds, two pounds over the women's bantamweight non-title fight limit."
UFC Fight Night: Blaydes vs. Lewis,2021-02-20,"Gordon weighed in at 150 pounds, four pounds over the featherweight non-title fight limit."
UFC Fight Night: Blaydes vs. Lewis,2021-02-20,"Rodriguez weighed in at 140.5 pounds, four and a half pounds over the bantamweight non-title fight limit."
UFC Fight Night: Blaydes vs. Lewis,2021-02-20,"Alves weighed in at 157.5 pounds, eleven and a half pounds over the featherweight non-title limit, marking the heaviest weight-miss in UFC history."
UFC Fight Night: Blaydes vs. Ngannou 2,2018-11-24,"At the weigh-ins, Rashad Coulter weighed in at 208 pounds, 2 pounds over the light heavyweight non-title fight limit of 206."
UFC Fight Night: Boetsch vs. Henderson,2015-06-06,"Both Yancy Medeiros and Leonardo Morales missed weight on their first attempts at the weigh-ins, coming in at 159.5 lb and 140 lb respectively."
UFC Fight Night: Bonfim vs. Brown,2025-11-08,"At the weigh-ins, Ismael Bonfim weighed in at 161 pounds, five pounds over the lightweight non-title fight limit."
UFC Fight Night: Brown vs. Silva,2014-05-10,"Anthony Lapsley initially weighed in at 174 pounds, over the welterweight limit allowance of 171 pounds."
UFC Fight Night: Brunson vs. Shahbazyan,2020-08-01,"At the weigh-ins, Jonathan Martinez weighed in at 140.5 pounds, four and a half pounds over the bantamweight non-title fight limit."
UFC Fight Night: Brunson vs. Till,2021-09-04,"At the weigh-ins, Martinez weighed in at 138 pounds, two pounds over the bantamweight non-title fight limit."
UFC Fight Night: Burns vs. Brady,2024-09-07,"At the weigh-ins, Dylan Budka and Kyle Nelson missed weight."
UFC Fight Night: Burns vs. Brady,2024-09-07,"Budka weighed in at 188.5 pounds, two and a half pounds over the middleweight non-title fight limit."
UFC Fight Night: Burns vs. Brady,2024-09-07,"Nelson weighed in at 148.5 pounds, two and a half pounds over the featherweight non-title fight limit."
UFC Fight Night: Błachowicz vs. Jacaré,2019-11-16,"At the weigh-ins, de Pádua weighed in at 130.5 pounds, 4.5 pounds over the flyweight non-title fight limit of 126 pounds."
UFC Fight Night: Błachowicz vs. Jacaré,2019-11-16,"As a result of missing weight, de Pádua was fined 30% of her purse, which went to Lipski."
UFC Fight Night: Błachowicz vs. Jacaré,2019-11-16,"At the weigh-ins, Tracy Cortez and her opponent Vanessa Melo both missed weight for their fight."
UFC Fight Night: Błachowicz vs. Jacaré,2019-11-16,"Cortez and Melo both weighed in at 136.5 pounds, 0.5 pounds over the bantamweight non-title fight limit of 136 pounds."
UFC Fight Night: Błachowicz vs. Jacaré,2019-11-16,"However, later on the same day, CABMMA executive director Cristiano Sampaio announced that due to an error of the scale used at the weigh-ins, which was set was 0.7 pounds above the official scale, Cortez and Melo were officially clear from missing weight and thus the bout proceeded at bantamweight. "
UFC Fight Night: Błachowicz vs. Santos,2019-02-23,"Ferreira weighed in at 157 pounds, 1 pound over the lightweight non-title fight limit of 156."
UFC Fight Night: Błachowicz vs. Santos,2019-02-23,"Meanwhile, Abreu weighed in at 209 pounds, 3 pounds over the light heavyweight non-title fight limit of 206."
UFC Fight Night: Cannonier vs. Strickland,2022-12-17,"At the weigh-ins, Hayisaer Maheshate weighed in at 158.5 pounds, two and a half pounds over the lightweight non-title fight limit."
UFC Fight Night: Cowboy vs. Cowboy,2016-02-21,"Mendes missed weight on his first attempt at the weigh ins, coming in at 142 lb."
UFC Fight Night: Cowboy vs. Gaethje,2019-09-14,"At the weigh-ins, Pereira weighed in at 172 pounds, 1 pound over the welterweight non-title fight limit of 171."
UFC Fight Night: Cyborg vs. Länsberg,2016-09-24,"At the weigh-ins, Michel Prazeres missed weight by two pounds, weighing in at 158 lb."
UFC Fight Night: Della Maddalena vs. Prates,2026-05-02,"At the weigh-ins, Gerald Meerschaert weighed in at 190 pounds, 4 pounds over the middleweight non-title fight limit."
UFC Fight Night: Dern vs. Hill,2023-05-20,"At the weigh-ins, Vanessa Demopoulos and Orion Cosce missed weight."
UFC Fight Night: Dern vs. Hill,2023-05-20,"Demopoulos weighed in at 117.5 pounds and Cosce weighed in at 172.5 pounds, both one and half pounds over the women's strawweight and welterweight non-title fights limit respectively."
UFC Fight Night: Dern vs. Ribas 2,2025-01-11,"At the weigh-ins, Jose Johnson and Ihor Potieria missed weight."
UFC Fight Night: Dern vs. Ribas 2,2025-01-11,"Johnson weighed in at 128.5 pounds, two and a half pounds over the flyweight non-title fight limit."
UFC Fight Night: Dern vs. Ribas 2,2025-01-11,"Potieria weighed in at 188 pounds, two pounds over the middleweight non-title fight limit."
UFC Fight Night: Dern vs. Rodriguez,2021-10-09,"At the weigh-ins, Jared Gooden weighed in at 174 pounds, three pounds over the welterweight non-title fight limit."
UFC Fight Night: Dolidze vs. Imavov,2024-02-03,"At the weigh-ins, Luana Carolina weighed in at 128 pounds, two pounds over the women's flyweight non-title fight limit."
UFC Fight Night: Edgar vs. Faber,2015-05-16,"Royston Wee missed weight on his first attempt at the weigh ins, coming in at 137 lb and made no attempts to cut further."
UFC Fight Night: Evloev vs. Murphy,2026-03-21,"At the weigh-ins, two fighters missed weight: *Ravena Oliveira weighed in at 116.5 pounds, half a pound over the women's strawweight non-title fight limit. *Luana Carolina weighed in at 144 pounds, eight pounds over the women's bantamweight non-title fight limit."
UFC Fight Night: Felder vs. dos Anjos,2020-11-14,"At the weigh-ins, Abdul Razak Alhassan, Eryk Anders and Louis Smolka missed weight for their respective bouts."
UFC Fight Night: Felder vs. dos Anjos,2020-11-14,"Alhassan weighed in at 172.5 pounds, one and a half pounds over the welterweight non-title fight limit."
UFC Fight Night: Felder vs. dos Anjos,2020-11-14,"Anders weighed in at 187.5 pounds, one and a half pounds over the middleweight non-title fight limit."
UFC Fight Night: Felder vs. dos Anjos,2020-11-14,"Smolka weighed in at 139 pounds, three pounds over the bantamweight non-title fight limit."
UFC Fight Night: Figueiredo vs. Benavidez 2,2020-07-19,"Figueiredo won via second-round TKO, but the title remained vacant because he missed weight."
UFC Fight Night: Font vs. Garbrandt,2021-05-22,"At the weigh-ins, Ronderos weighed in at 128.5 pounds, two and a half pounds over the division's non-title fight limit."
UFC Fight Night: Grasso vs. Araújo,2022-10-15,"Vergara weighed in at 129 pounds, three pounds over the flyweight non-title fight limit."
UFC Fight Night: Hall vs. Silva,2020-10-31,"At the weigh-ins, Jack Marshman and Cole Williams missed weight for their respective bouts."
UFC Fight Night: Hall vs. Silva,2020-10-31,"Marshman weighed in at 187.5 pounds, one and a half pounds over the middleweight non-title fight limit."
UFC Fight Night: Hall vs. Silva,2020-10-31,"Williams weighed in at 175.5 pounds, four and a half pounds over the welterweight non-title fight limit."
UFC Fight Night: Henderson vs. Thatch,2015-02-14,"Both Patrick Walsh and James Moontasri missed weight on their first attempts at the weigh ins, coming in at 191.5 lb and 158 lb respectively."
UFC Fight Night: Hermansson vs. Pyfer,2024-02-10,"At the weigh-ins, Potieria weighed in at 187.5 pounds, one and a half pounds over the middleweight non-title fight limit."
UFC Fight Night: Hermansson vs. Strickland,2022-02-05,"At the weigh-ins, Steven Peterson weighed in at 149 pounds, 3 pounds over the featherweight non-title fight limit."
UFC Fight Night: Hernandez vs. Pereira,2024-10-19,"At the weigh-ins, Joselyne Edwards weighed in at 139 pounds, three pounds over the bantamweight non-title fight limit."
UFC Fight Night: Holloway vs. Rodríguez,2021-11-13,"At the weigh-ins, two fighters missed weight for their respective bouts."
UFC Fight Night: Holloway vs. Rodríguez,2021-11-13,"Joel Álvarez weighed in at 157.5 pounds, one and a half pounds over the lightweight non-title fight limit."
UFC Fight Night: Holloway vs. Rodríguez,2021-11-13,"Liana Jojua weighed in at 128.5 pounds, two and a half pounds over the women's flyweight non-title fight limit."
UFC Fight Night: Hunt vs. Oleinik,2018-09-15,"Son weighed in at 137 pounds, 1 pound over the bantamweight non-title fight limit of 136."
UFC Fight Night: Hunt vs. Oleinik,2018-09-15,"Meanwhile, Taisumov weighed in at 161 pounds, 5 pounds over the lightweight non-title fight limit of 156."
UFC Fight Night: Imavov vs. Borralho,2025-09-06,"However, at the weigh-ins, Keita weighed in at 149 pounds, three pounds over the division's non-title fight limit, resulting in the cancellation of the bout. "
UFC Fight Night: Kape vs. Almabayev,2025-03-01,"At the weigh-ins, Lucas Almeida weighed in at 148 pounds, two pounds over the featherweight non-title fight limit."
UFC Fight Night: Kape vs. Horiguchi,2026-06-20,"At the weigh-ins, Kevin Borjas weighed in at 129 pounds, three pounds over the flyweight non-title fight limit."
UFC Fight Night: Kattar vs. Allen,2022-10-29,"At the weigh-ins, Weems weighed in at 139.5 pounds, three and a half pounds over the bantamweight non-title fight limit."
UFC Fight Night: Lee vs. Oliveira,2020-03-14,"At the weigh-ins, Lee weighed in at 158.5 lb, 2.5 lb over the lightweight non-title fight limit of 156 pounds."
UFC Fight Night: Lewis vs. Daukaus,2021-12-18,"At the weigh-ins, three fighters missed weight for their respective bouts."
UFC Fight Night: Lewis vs. Daukaus,2021-12-18,"Justin Tafa weighed in at 267 pounds, one pound over the heavyweight non-title fight limit (marking the first time in UFC history that a fighter missed weight in that division); Sijara Eubanks weighed in at 127.5 pounds, 1.5 pounds over the women's flyweight non-title fight limit; and Macy Chiasson weighed in at 148.5 pounds, 2.5 pounds over the women's featherweight non-title fight limit."
UFC Fight Night: Lewis vs. Oleinik,2020-08-08,"At the weigh-ins, Beneil Dariush and Laureano Staropoli missed weight for their respective bouts."
UFC Fight Night: Lewis vs. Oleinik,2020-08-08,"Dariush weighed in at 158 pounds, two pounds over the lightweight non-title fight limit."
UFC Fight Night: Lewis vs. Oleinik,2020-08-08,"Staropoli weighed in at 174.5 pounds, three and a half pounds over the welterweight non-title fight limit."
UFC Fight Night: Lopes vs. Silva,2025-09-13,"Team Sonnen middleweight winner) Kelvin Gastelum weighed in at 191 pounds, five pounds over the middleweight non-title fight limit."
UFC Fight Night: MacDonald vs. Thompson,2016-06-18,"Randa Markos missed weight on her first attempt at the weigh ins, coming in at 117.5 lb."
UFC Fight Night: Machida vs. Anders,2018-02-03,"At the weigh-ins Michel Prazeres weighed in at 161 pounds, 5 pounds over the lightweight non title fight upper limit of 156 pounds."
UFC Fight Night: Machida vs. Anders,2018-02-03,"Pedro Munhoz also missed weight, 4 pounds over the bantamweight non title fight upper limit of 136 pounds."
UFC Fight Night: Machida vs. Muñoz,2022-04-01,"At the weigh-ins John Lineker weighed in at 128 pounds, two pounds over the non-title fight limit."
UFC Fight Night: Machida vs. Romero,2015-06-27,"Promotional newcomer Lewis Gonzalez missed weight on his first attempt at the weigh-ins, coming in 3 lb overweight at 174 lb."
UFC Fight Night: Magny vs. Ponzinibbio,2018-11-17,"At the weigh-ins, Cynthia Calvillo weighed in at 118 lb, 2 pounds over the strawweight non-title fight limit of 116 lb."
UFC Fight Night: Magny vs. Prates,2024-11-09,"At the weigh-ins, Mullins weighed in at 137 pounds, one pound over the bantamweight non-title fight limit."
UFC Fight Night: Magny vs. Prates,2024-11-09,"At the weigh-ins, Scroggin weighed in at 174 pounds, three pounds over the welterweight non-title fight limit."
UFC Fight Night: Maia vs. Shields,2013-10-09,"Dana White stated Silva would be ineligible for any finishing bonuses, no matter the outcome of the fight, due to his missing weight."
UFC Fight Night: Makhachev vs. Green,2022-02-26,"At the weigh-ins, Rong Zhu weighed in at 160 pounds, four pounds over the lightweight non-title fight limit."
UFC Fight Night: Moicano vs. Duncan,2026-04-04,"At the weigh-ins, two fighters missed weight: *Undefeated prospect Rafael Estevam weighed in at 136.5 pounds, half a pound over the bantamweight non-title fight limit. *Darrius Flowers weighed in at 156.5 pounds, half a pound over the lightweight non-title fight limit."
UFC Fight Night: Moicano vs. Saint Denis,2024-09-28,"At the weigh-ins, Ailín Pérez weighed in at 136.5 pounds, half a pound over the bantamweight non-title fight limit."
UFC Fight Night: Moreno vs. Royval 2,2024-02-24,"At the weigh ins, both fighters missed weight."
UFC Fight Night: Moreno vs. Royval 2,2024-02-24,"Cháirez weighed in at 131 pounds and Lacerda at 127 pounds, five pounds and one pound over the flyweight non-title fight limit, respectively."
UFC Fight Night: Nurmagomedov vs. Song,2026-08-29,"At the weigh-ins, three fighters missed weight: *André Lima weighed in at 127 pounds, one pound over the flyweight non-title fight limit. *Former ONE Women's Strawweight World Champion Xiong Jingnan and former LFA Women's Strawweight Champion Julia Polastri weighed in at 117 and 118.5 pounds, one pound and one and a half pounds over the women's strawweight non-title fight limit, respectively."
UFC Fight Night: Oliveira vs. Gamrot,2025-10-11,"At the weigh-ins, Saimon Oliveira weighed in at 144 pounds, eight pounds over the bantamweight non-title fight limit."
UFC Fight Night: Pavlovich vs. Blaydes,2023-04-22,"At the weigh-ins, Priscila Cachoeira and William Gomis missed weight."
UFC Fight Night: Pavlovich vs. Blaydes,2023-04-22,"Cachoeira weighed in at 130 pounds, four pounds over the women's flyweight non-title fight limit."
UFC Fight Night: Pavlovich vs. Blaydes,2023-04-22,"Gomis weighed in at 147 pounds, one pound over the featherweight non-title fight limit."
UFC Fight Night: Poirier vs. Pettis,2017-11-11,"At the weigh ins, Matthew Lopez weighed in at 138.5 pounds, 2.5 pounds over the bantamweight upper limit of 136 pounds."
UFC Fight Night: Rodriguez vs. Lemos,2022-11-05,"At the weigh-ins, a record-tying four fighters missed weight: *Grant Dawson weighed in at 157.5 pounds, one and a half pounds over the lightweight non-title fight limit. *Benito Lopez weighed in at 138.5 pounds, two and a half pounds over the bantamweight non-title fight limit. *Carlos Candelario weighed in at 127.5 pounds, one and a half pounds over the flyweight non-title fight limit. *Ramona Pascual weighed in at 137 pounds, one pound over the bantamweight non-title limit."
UFC Fight Night: Rodríguez vs. Stephens,2019-09-21,"At the weigh-ins, Melo weighed in at 140 pounds, 4 pounds over the bantamweight non-title fight limit of 136."
UFC Fight Night: Royval vs. Taira,2024-10-12,"At the weigh-ins, three fighters missed weight: *Jared Gooden weighed in at 172.5 pounds, one and a half pounds over the welterweight non-title fight limit. *Dan Argueta weighed in at 138.5 pounds, two and a half pounds over the bantamweight non-title fight limit. *Josh Fremd weighed in at 189 pounds, three pounds over the middleweight non-title fight limit."
UFC Fight Night: Rozenstruik vs. Gane,2021-02-27,"At the weigh-ins, Maxim Grishin weighed in at 210.5 pounds, four and a half pounds over the light heavyweight non-title fight limit."
UFC Fight Night: Sandhagen vs. Song,2022-09-17,"At the weigh-ins, Ladd weighed in at 138 pounds, two pounds over the bantamweight non-title fight limit, and as a result the bout was scrapped."
UFC Fight Night: Santos vs. Anders,2018-09-22,"At the weigh-ins, former UFC Bantamweight Champion Renan Barão weighed in at 141.6 pounds, 5 pounds over the bantamweight non-title fight limit of 136."
UFC Fight Night: Santos vs. Walker,2021-10-02,"At the weigh-ins, Ladd weighed in at 137 pounds, one pound over the bantamweight non-title limit, leading to the fight cancellation."
UFC Fight Night: Santos vs. Walker,2021-10-02,"At the weigh-ins, two other fighters missed weight for their respective bouts."
UFC Fight Night: Santos vs. Walker,2021-10-02,"Mike Breeden weighed in at 158.5 pounds, two and a half pounds over the lightweight non-title fight limit."
UFC Fight Night: Santos vs. Walker,2021-10-02,"Former UFC Women's Bantamweight Championship challenger Bethe Correia weighed in at 138.5 pounds, two and a half pounds over the women's bantamweight non-title fight limit."
UFC Fight Night: Shogun vs. Henderson 2,2014-03-23,"At the weigh-ins, Ronny Markes weighed in at 190 pounds, 4 pounds over the middleweight non-title fight limit."
UFC Fight Night: Smith vs. Rakić,2020-08-29,"However, Whitmire weighed in at 117.5 pounds, one and a half pounds over the strawweight non-title fight limit."
UFC Fight Night: Smith vs. Rakić,2020-08-29,"At the weigh-ins, Hannah Cifers and Austin Springer missed weight for their respective bouts."
UFC Fight Night: Smith vs. Rakić,2020-08-29,"Cifers weighed in at 117 pounds, one pound over the strawweight non-title fight limit."
UFC Fight Night: Smith vs. Rakić,2020-08-29,"Springer weighed in at 151 pounds, five pounds over the featherweight non-title fight limit."
UFC Fight Night: Smith vs. Spann,2021-09-18,"At the weigh-ins, Zhu weighed in at 158 pounds, two pounds over the lightweight non-title fight limit."
UFC Fight Night: Smith vs. Teixeira,2020-05-13,"At the weigh-ins, Roberson weighed in at 187.5 pounds, one and a half pounds over the middleweight non-title fight limit."
UFC Fight Night: Song vs. Gutiérrez,2023-12-09,"At the weigh-ins, Luana Santos weighed in at 139 pounds, three pounds over the bantamweight non-title fight limit."
UFC Fight Night: Stephens vs. Choi,2018-01-14,"At the weigh-ins, Mads Burnell weighed in at 150 pounds, 4 pounds over the featherweight non-title fight upper limit of 146 pounds."
UFC Fight Night: Teixeira vs. Saint Preux,2015-08-08,"Ray Borg missed weight on his first attempt at the weigh-ins, coming in at 126.75 lb."
UFC Fight Night: The Korean Zombie vs. Rodríguez,2018-11-10,"At the weigh-ins, former UFC Women's Bantamweight Championship challenger Raquel Pennington weighed in at 138 lb, 2 pounds over the bantamweight non-title fight limit of 136 lb."
UFC Fight Night: Thompson vs. Pettis,2019-03-23,"At the weigh-ins, Luis Peña weighed in at 148.5 lb, 2.5 pounds over the featherweight non-title fight limit of 146 lb."
UFC Fight Night: Thompson vs. Till,2018-05-27,"Till weighed in at 174.5 pounds, 3.5 pounds over the welterweight non-title fight limit of 171."
UFC Fight Night: Thompson vs. Till,2018-05-27,"Meanwhile, McCann weighed in at 127 pounds, 1 pound over the flyweight non-title fight limit of 126."
UFC Fight Night: Till vs. Masvidal,2022-04-01,"At the weigh-ins, Jack Marshman weighed in at 188 lb, 2 pounds over the middleweight non-title fight limit of 186 lb."
UFC Fight Night: Tuivasa vs. Tybura,2024-03-16,"At the weigh-ins, three fighters missed weight: *Natan Levy weighed in at 156.5 pounds, half a pound over the lightweight non-title fight limit. *Chelsea Chandler weighed in at 137 pounds, one pound over the bantamweight non-title fight limit. *Danny Silva weighed in at 148.5 pounds, two and a half pounds over the featherweight non-title fight limit."
UFC Fight Night: Ulberg vs. Reyes,2025-09-28,"At the weigh-ins, Ramon Taveras weighed in at 147 pounds, one pound over the featherweight non-title fight limit."
UFC Fight Night: Vettori vs. Dolidze 2,2025-03-15,"At the weigh-ins, two fighters missed weight: *Undefeated promotional newcomer Diyar Nurgozhay weighed in at 210.5 pounds, four and a half pounds over the light heavyweight non-title fight limit. *Chidi Njokuani weighed in at 172.25 pounds, one and a quarter pounds over the welterweight non-title fight limit."
UFC Fight Night: Volkan vs. Smith,2018-10-27,"At the weigh-ins, Johnson weighed in at 147 lb, 1 pound over the featherweight limit of 146 lb."
UFC Fight Night: Walker vs. Hill,2022-02-19,"At the weigh-ins, Gabriel Benítez weighed in at 148 pounds, 2 pounds over the featherweight non-title fight limit."
UFC Fight Night: Werdum vs. Tybura,2017-11-01,"Jessica-Rose Clark, Ryan Benoit, Frank Camacho, and Nadia Kassem missed weight at the official weigh-ins, coming in at 128, 129, 160 and 120 pounds, respectively."
UFC Fight Night: Yan vs. Dvalishvili,2023-03-11,"At the weigh-ins, Gooden weighed in at 177 pounds, six pounds over the welterweight non-title fight limit."
UFC Fight Night: Yan vs. Dvalishvili,2023-03-11,"Also at the weigh-ins, Ricardo Ramos weighed in at 154 pounds, eight pounds over the featherweight non-title fight limit."
UFC Fight Night: Yusuff vs. Barboza,2023-10-14,"At the weigh-ins, Rodriguez weighed in at 140 pounds, four pounds over the bantamweight non-title fight limit."
UFC Fight Night: du Plessis vs. Usman,2026-07-18,"At the weigh-ins, two fighters missed weight: *Chase Hooper weighed in at 157.5 pounds, one and a half pounds over the lightweight non-title fight limit. *Promotional newcomer Ezra Elliott weighed in at 147.5 pounds, one and a half pounds over the featherweight non-title fight limit."
UFC Live: Jones vs. Matyushenko,2025-03-01,"Damarques Johnson originally weighed in at 172.5 pounds, 1.5 pounds over the contracted weight limit."
UFC on ABC: Emmett vs. Topuria,2023-06-24,"At the weigh-ins, Loik Radzhabov and Kleydson Rodrigues missed weight."
UFC on ABC: Emmett vs. Topuria,2023-06-24,"Radzhabov weighed in at 157.25 pounds and Rodrigues weighed in at 129 pounds, one and quarter pounds over the lightweight and three pounds over the flyweight non-title fights limit respectively."
UFC on ABC: Rozenstruik vs. Almeida,2023-05-13,"At the weigh-ins, Battle weighed in at 173 pounds, two pounds over the welterweight non-title fight limit."
UFC on ABC: Vettori vs. Holland,2021-04-10,"At the weigh-ins, Ignacio Bahamondes and Norma Dumont missed weight for the respective bouts."
UFC on ABC: Vettori vs. Holland,2021-04-10,"Bahamondes weighed in at 156.75 pounds, three quarters of a pound over the lightweight non-title fight limit."
UFC on ABC: Vettori vs. Holland,2021-04-10,"Dumont weighed in at 139.5 pounds, three and a half pounds over the women's bantamweight non-title fight limit."
UFC on ESPN: Barboza vs. Chikadze,2021-08-28,"At the weigh-ins, Martinez weighed in at 140 pounds, four pounds over the bantamweight non-title fight limit."
UFC on ESPN: Barboza vs. Gaethje,2019-03-30,"At the weigh-ins, Borg weighed in at 137.75 lb, 1.75 lb over the bantamweight non-title fight limit of 136 lb."
UFC on ESPN: Blanchfield vs. Fiorot,2024-03-30,"At the weigh ins, Julio Arce weighed in at 147.25 pounds, one and a quarter pounds over the featherweight non-title fight limit."
UFC on ESPN: Blaydes vs. Volkov,2020-06-20,"At the weigh-ins, Frank Camacho weighed in at 158 pounds, two pounds over the lightweight non-title fight limit."
UFC on ESPN: Brunson vs. Holland,2021-03-20,"At the weigh-ins, Jesse Strader weighed in at 137.5 pounds, one and a half pounds over the bantamweight non-title fight limit."
UFC on ESPN: Cannonier vs. Gastelum,2021-08-21,"At the weigh-ins, Kakhramonov weighed in at 138.5 pounds, two and a half pounds over the bantamweight non-title fight limit."
UFC on ESPN: Cannonier vs. Imavov,2024-06-08,"At the weigh-ins, Eduarda Moura weighed in at 116.5 pounds, half a pound over the women's strawweight non-title fight limit."
UFC on ESPN: Covington vs. Lawler,2019-08-03,"At the weigh-ins, Williams weighed in at 176 pounds, 5 pounds over the welterweight non-title fight limit of 171."
UFC on ESPN: Covington vs. Lawler,2019-08-03,"At the weigh-ins, Dong Hyun Ma weighed in at 158 pounds, 2 pounds over the lightweight non-title fight limit of 156."
UFC on ESPN: Emmett vs. Murphy,2025-04-05,"In addition, at the weigh-ins, Cortavious Romious weighed in at 139.5 pounds, three and a half pounds over the bantamweight non-title fight limit."
UFC on ESPN: Eye vs. Calvillo,2020-06-13,"At the weigh-ins, Eye, Roberson and Adashev all missed weight for their respective bouts."
UFC on ESPN: Eye vs. Calvillo,2020-06-13,"Eye weighed in at 126.25 pounds, a quarter pound over the flyweight non-title fight limit."
UFC on ESPN: Eye vs. Calvillo,2020-06-13,"Roberson weighed in at 190.5 pounds, four and a half pounds over the middleweight non-title fight limit and Adashev weighed in at 138.5 pounds, two and a half pounds over the bantamweight non-title fight limit."
UFC on ESPN: Font vs. Vera,2022-04-30,"At the weigh-ins, Font weighed in at 138.5 pounds, two and half pounds over the division non-title fight limit."
UFC on ESPN: Gamrot vs. Klein,2025-05-31,"At the weigh-ins, Barber weighed in at 126.5 pounds, half a pound over the women's flyweight non-title fight limit."
UFC on ESPN: Gamrot vs. Klein,2025-05-31,"At the weigh-ins, Nascimento weighed in at 127.5 pounds, one and a half pounds over the flyweight non-title fight limit."
UFC on ESPN: Hall vs. Strickland,2021-07-31,"Waterson, but Benoit missed weight and the contest was canceled due to health concerns."
UFC on ESPN: Hall vs. Strickland,2021-07-31,"At the weigh-ins, former UFC Women's Flyweight Champion Nicco Montaño (also The Ultimate Fighter: A New World Champion flyweight winner) and Philip Rowe missed weight for their respective bouts."
UFC on ESPN: Hall vs. Strickland,2021-07-31,"Montaño weighed in at 143 pounds, seven pounds over the women's bantamweight non-title fight limit."
UFC on ESPN: Hall vs. Strickland,2021-07-31,"Rowe weighed in at 173.5 pounds, two and half pounds over the welterweight non-title fight limit."
UFC on ESPN: Hermansson vs. Vettori,2020-12-05,"At the weigh-ins, former interim UFC Light Heavyweight Championship challenger Ovince Saint Preux weighed in at 207.5 pounds, one and a half pounds over the light heavyweight non-title fight limit."
UFC on ESPN: Holloway vs. Allen,2023-04-15,"At the weigh-ins, Joselyne Edwards weighed in at 136.5 pounds, half a pound over the women's bantamweight non-title fight limit."
UFC on ESPN: Kattar vs. Emmett,2022-06-18,"At the weigh-ins, Tony Kelley weighed in at 137.5 pounds, one and a half pounds over the bantamweight non-title fight limit."
UFC on ESPN: Kattar vs. Ige,2020-07-16,"At the weigh-ins, Abdul Razak Alhassan and Chris Fishgold missed weight for their respective bouts."
UFC on ESPN: Kattar vs. Ige,2020-07-16,"Alhassan weighed in at 174 pounds, three pounds over the welterweight non-title fight limit."
UFC on ESPN: Kattar vs. Ige,2020-07-16,"Fishgold weighed in at 149 pounds, three pounds over the featherweight non-title fight limit."
UFC on ESPN: Luque vs. dos Anjos,2023-08-12,"At the weigh-ins, Tafon Nchukwi and Josh Fremd missed weight."
UFC on ESPN: Luque vs. dos Anjos,2023-08-12,"Nchukwi weighed in at 189.5 pounds and Fremd weighed in at 189 pounds, three and a half pounds and three pounds over the middleweight non-title fight limit respectively."
UFC on ESPN: Machado Garry vs. Prates,2025-04-26,"At the weigh-ins, Chikadze weighed in at 147 pounds, one pound over the featherweight non-title fight limit."
UFC on ESPN: Moreno vs. Erceg,2025-03-29,"At the weigh-ins, Ronaldo Rodríguez weighed in at 127 pounds, one pound over the flyweight non-title fight limit."
UFC on ESPN: Ngannou vs. Velasquez,2019-02-17,"Barão weighed at 138 pounds and Bermudez weighed at 140 pounds, 2 pounds and 4 pounds over the bantamweight non-title fight limit of 136 respectively."
UFC on ESPN: Ngannou vs. Velasquez,2019-02-17,"Meanwhile, Penne weighed in at 118 pounds, 2 pounds over the strawweight non-title fight limit of 116."
UFC on ESPN: Nicolau vs. Perez,2024-04-27,Walker 2 in January 2024 but Kape missed weight and the bout was subsequently cancelled.
UFC on ESPN: Nicolau vs. Perez,2024-04-27,"At the weigh-ins, James Llontop and David Onama missed weight."
UFC on ESPN: Nicolau vs. Perez,2024-04-27,"Llontop weighed in at 156.5 pounds, half a pound over the lightweight non-title fight limit."
UFC on ESPN: Nicolau vs. Perez,2024-04-27,"Onama weighed in at 148.5 pounds, two and a half pounds over the featherweight non-title fight limit."
UFC on ESPN: Overeem vs. Rozenstruik,2019-12-07,"Calvillo weighed in at 120.5 pounds, 4.5 pounds over the strawweight non-title fight limit of 116 pounds."
UFC on ESPN: Overeem vs. Rozenstruik,2019-12-07,"Sayles weighed in at 148.5 pounds, 2.5 pounds over the featherweight non-title fight limit of 146 pounds."
UFC on ESPN: Perez vs. Taira,2024-06-15,"However, the bout was cancelled when Ulanbekov weighed in at 129.5 pounds, three and a half pounds over the flyweight non-title fight limit."
UFC on ESPN: Reyes vs. Procházka,2021-05-01,"At the weigh-ins, Luana Carolina and Gabriel Benítez missed weight for their respective bouts."
UFC on ESPN: Reyes vs. Procházka,2021-05-01,"Benítez weighed in at 150.5 pounds, 4.5 pounds over the featherweight non-title limit."
UFC on ESPN: Reyes vs. Weidman,2019-10-18,"Winn weighed in at 188.5 pounds, 2.5 pounds over the middleweight non-title fight limit of 186."
UFC on ESPN: Reyes vs. Weidman,2019-10-18,"Bermudez weighed in at 148 pounds, 2 pounds over the featherweight non-title fight limit of 146."
UFC on ESPN: Rodriguez vs. Waterson,2021-05-08,"At the weigh-ins, Carlos Diego Ferreira and Ryan Benoit missed weight for their respective bouts."
UFC on ESPN: Rodriguez vs. Waterson,2021-05-08,"Ferreira weighed in at 160.5 pounds, four and a half pounds over the lightweight non-title fight limit."
UFC on ESPN: Rodriguez vs. Waterson,2021-05-08,"Benoit weighed in at 129 pounds, three pounds over the flyweight non-title fight limit."
UFC on ESPN: Sandhagen vs. Font,2023-08-05,"At the weigh-ins, Buzukja weighed in at 146.5 pounds, half a pound over the featherweight non-title fight limit."
UFC on ESPN: Santos vs. Hill,2022-08-06,"At the weigh-ins, Lipski weighed in at 128.5 pounds, two and a half pounds over the flyweight non-title fight limit."
UFC on ESPN: Smith vs. Clark,2020-11-28,"At the weigh-ins, Norma Dumont Viana weighed in at 139.5 pounds, three and a half pounds over the women's bantamweight non-title fight limit."
UFC on ESPN: Song vs. Simón,2023-04-29,"At the weigh-ins, promotional newcomers Irina Alekseeva and Hailey Cowan missed weight."
UFC on ESPN: Song vs. Simón,2023-04-29,"Alekseeva weighed in at 140 pounds and Cowan weighed in at 137.5 pounds, four pounds and one and a half pounds over the women's bantamweight non-title fight limit respectively."
UFC on ESPN: Taira vs. Park,2025-08-02,"At the weigh-ins, two fighters missed weight: *Tresean Gore weighed in at 189.5 pounds, three and a half pounds over the middleweight non-title fight limit. *Rafael Estevam weighed in at 130 pounds, four pounds over the flyweight non-title fight limit."
UFC on ESPN: Thompson vs. Holland,2022-12-03,"At the weigh-ins, Philip Rowe weighed in at 173.5 pounds, two and a half pounds over the welterweight non-title fight limit."
UFC on ESPN: Tybura vs. Spivac 2,2024-08-10,"At the weigh-ins, three fighters missed weight: *Chepe Mariscal weighed in at 149.5 pounds, three and a half pounds over the featherweight non-title fight limit. *Danny Barlow weighed in at 171.25 pounds, a quarter of a pound over the welterweight non-title fight limit. *Chelsea Chandler weighed in at 141 pounds, five pounds over the bantamweight non-title fight limit."
UFC on ESPN: Vera vs. Cruz,2022-08-13,"Hill, but after Lipski missed weight and was not medically cleared, they were rescheduled for this event in a bantamweight bout. "
UFC on ESPN: Whittaker vs. Gastelum,2021-04-17,"Garbrandt At the weigh-ins, Tracy Cortez and Zarah Fairn Dos Santos missed weight for their respective bouts."
UFC on ESPN: Whittaker vs. Gastelum,2021-04-17,"Cortez weighed in at 126.5 pounds, half a pound over the women's flyweight non-title fight limit."
UFC on ESPN: Whittaker vs. Gastelum,2021-04-17,"Fairn weighed in at 147 pounds, eight pounds over the pre-established limit of 139 pounds (the bout was originally set for the women's bantamweight division, but was shifted to a catchweight prior to the start of the weigh-ins)."
UFC on ESPN: Whittaker vs. Till,2020-07-26,"At the weigh-ins, Francisco Trinaldo weighed in at 160 pounds, four pounds over the lightweight non-title fight limit."
UFC on ESPN: Woodley vs. Burns,2020-05-30,"At the weigh-ins, Brok Weaver weighed in at 157.5 pounds, one and a half pounds over the lightweight non-title fight limit of 156 pounds."
UFC on ESPN: dos Anjos vs. Edwards,2019-07-20,"At the weigh-ins, Maia weighed in at 129 pounds, 3 pounds over the women's flyweight non-title fight limit of 126."
UFC on FX: Browne vs. Bigfoot,2012-10-05,"A bout between Dennis Hallman and Thiago Tavares was expected to take place at this event; however, UFC officials cancelled the fight before the fighters stepped on the scale, because Hallman had missed weight significantly."
UFC on Fox: Emmett vs. Stephens,2018-02-24,"At the weigh-ins, Alex Perez weighed in at 126.5 pounds, a half pound over the flyweight non-title fight upper limit of 126 pounds."
UFC on Fox: Gustafsson vs. Johnson,2015-01-24,"Paul Redmond missed weight on his first attempt at the weigh ins, coming in at 149 pounds."
UFC on Fox: Johnson vs. Moraga,2013-07-27,"Both John Albert and Tim Means missed weight for their respective fights; rather than use time to cut additional weight, both men forfeited 20 percent of their purses to their opponent and the bouts were made catchweight affairs. "
UFC on Fox: Lawler vs. Brown,2014-07-26,"During weigh-ins, both Brown and Lima missed weight for their fights against Lawler and Jędrzejczyk, respectively."
UFC on Fox: Lawler vs. dos Anjos,2017-12-16,"At the weigh ins, Emmett weighed in at 148.5 pounds, 2.5 pounds over the featherweight non-title fight upper limit of 146 pounds."
UFC on Fox: Maia vs. Condit,2016-08-27,"The Ultimate Fighter Nations welterweight winner Chad Laprise missed weight, coming in at 159 lb."
UFC on Fox: dos Anjos vs. Cowboy 2,2015-12-19,"Charles Oliveira missed weight on his first attempt at the weigh ins, coming in at 150.5 lb."
UFC on Fox: dos Anjos vs. Cowboy 2,2015-12-19,This marked the third time that Oliveira missed weight in his UFC career.
UFC on Fox: dos Santos vs. Miocic,2014-12-13,"Nate Diaz missed weight on his first attempt at the weigh-ins, weighing in at 160.6 pounds."
